db,rep,type,n,bulk_rows_per_sec,insert_p50_us,insert_p95_us,insert_p99_us,insert_server_us,insert_reads_per_call,table_bytes,index_bytes,uniform_p50_us,uniform_p99_us,uniform_server_us,uniform_reads_per_call,recent_p50_us,recent_p99_us,recent_server_us,recent_reads_per_call,misses,insert_wal_bytes,insert_wal_fpi,bulk_wal_bytes,pk_leaf_density,pk_leaf_fragmentation,conc_rows_per_sec,conc_p99_us,cold_insert_p50_us,cold_insert_server_us,cold_uniform_p50_us,cold_uniform_server_us,cold_recent_p50_us,cold_recent_server_us
postgres,1,autoinc,1000,,1527.1,1773.0,5921.7,17.0,0.003,212992,172032,70.7,144.9,11.5,0.000,69.6,124.1,11.3,0.000,0,,,,,,,,,,,,,
postgres,1,autoinc,1260,,1541.1,2157.2,2444.6,19.1,0.000,253952,196608,62.0,110.6,11.3,0.000,60.0,111.0,11.1,0.000,0,,,,,,,,,,,,,
postgres,1,autoinc,1580,,2267.5,2803.0,3145.9,22.6,0.000,311296,237568,60.2,115.2,11.1,0.000,60.6,110.5,11.1,0.000,0,,,,,,,,,,,,,
postgres,1,autoinc,2000,,2260.8,2778.5,3934.0,22.1,0.000,385024,303104,59.9,132.2,11.4,0.000,59.2,109.2,11.0,0.000,0,,,,,,,,,,,,,
postgres,1,autoinc,2510,,2263.1,2785.0,3264.8,20.5,0.000,475136,327680,58.6,121.3,11.1,0.000,58.9,101.6,10.8,0.000,0,,,,,,,,,,,,,
postgres,1,autoinc,3160,,1544.8,2735.3,3008.5,21.8,0.000,589824,434176,60.2,117.0,11.8,0.000,57.7,101.3,10.6,0.000,0,,,,,,,,,,,,,
postgres,1,autoinc,3980,,1534.3,2735.3,2961.0,20.5,0.000,737280,557056,59.3,113.3,11.8,0.000,59.0,120.0,11.3,0.000,0,,,,,,,,,,,,,
postgres,1,autoinc,5010,7147,2274.0,2769.9,3178.4,23.0,0.000,917504,606208,60.1,108.6,11.3,0.000,64.6,113.7,11.3,0.000,0,,,,,,,,,,,,,
postgres,1,autoinc,6310,35018,2275.8,2759.9,3166.3,22.1,0.000,1146880,802816,61.5,110.9,11.2,0.000,59.0,114.8,11.0,0.000,0,,,,,,,,,,,,,
postgres,1,autoinc,7940,43900,2181.6,2749.6,2993.8,22.1,0.000,1433600,1032192,61.1,110.5,11.6,0.000,60.5,127.9,11.7,0.000,0,,,,,,,,,,,,,
postgres,1,autoinc,10000,51372,1506.7,1627.2,2599.1,18.7,0.000,1802240,1146880,59.6,102.7,11.3,0.000,58.9,109.3,11.3,0.000,0,,,,,,,,,,,,,
postgres,1,autoinc,12600,39927,1506.0,1635.4,2601.8,18.5,0.000,2269184,1531904,59.5,136.1,12.3,0.000,59.4,112.4,11.7,0.000,0,,,,,,,,,,,,,
postgres,1,autoinc,15800,44995,1508.6,2278.7,2743.8,20.0,0.000,2859008,2129920,58.6,107.0,11.8,0.000,60.1,143.4,11.4,0.000,0,,,,,,,,,,,,,
postgres,1,autoinc,20000,49270,2264.0,2762.0,3024.8,22.9,0.000,3620864,2301952,61.4,105.8,12.7,0.000,60.0,95.1,11.3,0.000,0,,,,,,,,,,,,,
postgres,1,autoinc,25100,44323,2271.0,2772.3,3090.4,22.5,0.000,4546560,3006464,60.7,107.2,12.6,0.000,58.8,102.8,11.4,0.000,0,,,,,,,,,,,,,
postgres,1,autoinc,31600,44666,1496.8,1644.6,1839.0,20.1,0.000,5718016,4235264,60.3,103.5,12.6,0.000,58.3,126.9,11.0,0.000,0,,,,,,,,,,,,,
postgres,1,autoinc,39800,43753,1755.3,2753.0,3114.9,24.7,0.000,7200768,4587520,61.9,108.7,13.1,0.000,59.5,125.1,12.1,0.000,0,,,,,,,,,,,,,
postgres,1,autoinc,50100,38716,2273.8,2753.8,3064.3,23.7,0.000,9068544,5996544,59.4,100.8,12.1,0.000,59.1,110.0,11.1,0.000,0,,,,,,,,,,,,,
postgres,1,autoinc,63100,42802,2274.0,2777.9,3267.2,25.9,0.000,11436032,8413184,60.9,139.0,12.0,0.000,59.6,125.9,11.0,0.000,0,,,,,,,,,,,,,
postgres,1,autoinc,79400,43236,1554.7,2749.2,3420.1,24.4,0.000,14401536,9142272,62.2,119.9,13.0,0.000,59.2,102.7,11.8,0.000,0,,,,,,,,,,,,,
postgres,1,autoinc,100000,44027,1521.0,2722.5,2973.0,23.4,0.000,18153472,12009472,61.2,100.7,12.9,0.000,60.8,118.6,12.5,0.000,0,,,,,,,,,,,,,
postgres,1,autoinc,126000,41297,1543.9,2789.5,3335.5,23.5,0.000,22888448,16744448,60.9,114.9,13.3,0.000,62.0,120.5,13.0,0.000,0,,,,,,,,,,,,,
postgres,1,autoinc,158000,42884,1500.3,1641.9,1719.8,24.1,0.000,28712960,18161664,60.9,109.4,13.2,0.000,59.4,107.1,12.1,0.000,0,,,,,,,,,,,,,
postgres,1,autoinc,200000,42712,1510.7,2227.1,2733.4,24.2,0.000,36364288,24133632,62.7,127.1,13.0,0.000,59.3,116.4,11.7,0.000,0,,,,,,,,,,,,,
postgres,1,autoinc,251000,39777,2272.7,2788.9,3219.1,27.6,0.000,45654016,33439744,59.0,111.5,12.5,0.000,59.9,114.0,12.0,0.000,0,,,,,,,,,,,,,
postgres,1,autoinc,316000,41444,2234.0,2764.4,3296.4,27.9,0.000,57483264,36315136,60.1,116.8,12.7,0.000,60.4,109.7,12.4,0.000,0,,,,,,,,,,,,,
postgres,1,autoinc,398000,41418,1518.3,2653.2,2927.8,25.7,0.000,72417280,48521216,60.3,104.3,12.8,0.000,61.8,131.4,12.6,0.000,0,,,,,,,,,,,,,
postgres,1,autoinc,501000,41595,1545.8,2780.3,3424.6,24.7,0.000,91168768,66813952,63.6,119.7,15.2,0.300,61.1,111.4,13.4,0.027,0,,,,,,,,,,,,,
postgres,1,autoinc,631000,41132,1414.8,1619.5,1689.3,24.4,0.000,114843648,72843264,66.5,133.2,17.5,0.465,61.9,112.2,13.4,0.053,0,,,,,,,,,,,,,
postgres,1,autoinc,794000,40635,2275.8,2812.7,3361.8,30.9,0.000,144523264,96911360,71.0,128.2,20.7,0.978,61.3,109.2,13.7,0.100,0,,,,,,,,,,,,,
postgres,1,autoinc,1000000,39499,1543.0,2749.9,3736.6,23.8,0.000,182034432,133513216,74.9,188.1,25.0,1.363,67.0,142.7,16.2,0.315,0,,,,,,,,,,,,,
postgres,1,autoinc,1260000,38620,1518.7,2595.4,2956.5,23.9,0.000,229376000,145661952,75.2,130.0,25.0,1.411,67.9,119.1,17.9,0.407,0,,,,,,,,,,,,,
postgres,1,autoinc,1580000,36439,1559.3,2742.8,3144.7,30.9,0.455,287645696,193085440,74.5,127.9,24.4,1.415,66.1,127.5,16.3,0.428,0,,,,,,,,,,,,,
postgres,1,autoinc,2000000,32787,1498.6,1635.3,1839.0,31.5,1.123,364118016,267010048,81.2,149.2,26.1,1.515,71.5,128.7,18.4,0.522,0,,,,,,,,,,,,,
postgres,1,autoinc,2510000,32936,1469.9,1643.3,2331.7,32.7,1.186,456990720,291135488,77.4,158.0,26.0,1.579,70.0,148.3,19.4,0.642,0,,,,,,,,,,,,,
postgres,1,autoinc,3160000,30742,1526.2,2686.6,5608.2,34.7,1.310,575356928,389472256,75.0,136.3,25.0,1.660,70.0,138.3,19.5,0.736,0,,,,,,,,,,,,,
postgres,1,autoinc,3980000,30867,1569.0,2740.5,3094.1,37.5,1.339,724664320,533512192,79.0,150.8,27.4,1.727,71.4,145.9,21.5,0.823,0,,,,,,,,,,,,,
postgres,1,autoinc,5010000,30234,1650.9,2752.7,3081.4,37.4,1.339,912228352,581795840,80.0,156.3,26.7,1.782,74.3,139.9,20.9,0.938,0,,,,,,,,,,,,,
postgres,1,autoinc,6310000,27842,1517.4,1656.6,1823.9,41.8,1.677,1148952576,779124736,84.2,174.5,28.5,1.809,74.8,193.3,24.0,1.032,0,,,,,,,,,,,,,
postgres,1,autoinc,7940000,25888,2268.2,2775.3,3361.6,42.2,1.688,1445765120,1066524672,79.0,142.2,27.6,1.841,73.8,189.1,24.1,1.152,0,,,,,,,,,,,,,
postgres,1,autoinc,10000000,23439,2302.3,2954.9,3554.6,47.5,1.674,1820876800,1163288576,82.8,189.0,31.0,1.884,76.4,149.8,24.1,1.243,0,,,,,,,,,,,,,
postgres,1,snowflake,1000,,1606.8,2757.9,3443.6,18.4,0.003,212992,172032,59.7,97.7,10.4,0.000,59.7,98.6,10.7,0.000,0,,,,,,,,,,,,,
postgres,1,snowflake,1260,,1518.2,1641.9,1705.2,18.3,0.000,253952,196608,60.8,115.3,10.9,0.000,60.0,112.5,10.2,0.000,0,,,,,,,,,,,,,
postgres,1,snowflake,1580,,2273.0,2790.5,3269.9,21.9,0.000,311296,237568,60.4,114.1,10.7,0.000,60.8,106.5,10.7,0.000,0,,,,,,,,,,,,,
postgres,1,snowflake,2000,,2262.3,2783.1,3164.0,21.1,0.000,385024,303104,61.1,119.5,10.8,0.000,60.4,98.1,10.5,0.000,0,,,,,,,,,,,,,
postgres,1,snowflake,2510,,2268.9,2768.3,3209.9,20.5,0.000,475136,327680,61.4,101.6,11.0,0.000,61.6,109.3,11.2,0.000,0,,,,,,,,,,,,,
postgres,1,snowflake,3160,,1621.4,2754.6,3370.8,20.1,0.000,589824,434176,58.6,99.4,10.6,0.000,58.5,97.8,10.5,0.000,0,,,,,,,,,,,,,
postgres,1,snowflake,3980,,1611.5,2775.6,3328.7,19.9,0.000,737280,557056,58.8,113.7,10.8,0.000,59.4,121.0,10.3,0.000,0,,,,,,,,,,,,,
postgres,1,snowflake,5010,7109,1524.8,2726.1,2953.7,17.0,0.000,917504,606208,59.1,106.2,11.1,0.000,57.8,98.2,10.4,0.000,0,,,,,,,,,,,,,
postgres,1,snowflake,6310,31481,1509.3,1889.6,2727.9,17.2,0.000,1146880,802816,60.8,103.2,10.5,0.000,58.6,108.9,10.3,0.000,0,,,,,,,,,,,,,
postgres,1,snowflake,7940,43097,1610.4,2773.7,3208.1,20.6,0.000,1433600,1032192,59.1,115.0,11.8,0.000,60.1,105.9,11.5,0.000,0,,,,,,,,,,,,,
postgres,1,snowflake,10000,46080,1496.3,1617.3,1683.1,17.9,0.000,1802240,1146880,57.9,103.0,10.6,0.000,57.9,116.7,10.3,0.000,0,,,,,,,,,,,,,
postgres,1,snowflake,12600,46405,1525.7,2726.6,2793.6,17.9,0.000,2269184,1531904,60.2,109.4,12.2,0.000,59.7,110.9,11.5,0.000,0,,,,,,,,,,,,,
postgres,1,snowflake,15800,39425,1556.7,2749.7,3056.3,20.6,0.000,2850816,2129920,59.8,97.8,11.9,0.000,59.9,101.7,11.6,0.000,0,,,,,,,,,,,,,
postgres,1,snowflake,20000,46937,1508.0,1624.9,6014.5,18.7,0.000,3612672,2301952,59.0,105.7,11.3,0.000,58.5,107.5,10.2,0.000,0,,,,,,,,,,,,,
postgres,1,snowflake,25100,46816,1555.3,2744.2,2960.3,18.7,0.000,4538368,3006464,60.1,113.0,10.9,0.000,58.2,108.5,10.3,0.000,0,,,,,,,,,,,,,
postgres,1,snowflake,31600,46081,2242.2,2809.6,3355.8,21.0,0.000,5709824,4235264,60.7,117.7,12.6,0.000,61.3,125.5,12.0,0.000,0,,,,,,,,,,,,,
postgres,1,snowflake,39800,43541,2251.3,2805.4,3329.2,22.6,0.000,7192576,4587520,59.6,114.9,11.5,0.000,58.6,116.4,10.6,0.000,0,,,,,,,,,,,,,
postgres,1,snowflake,50100,41230,1539.8,2730.4,2949.4,18.7,0.000,9060352,5996544,61.3,115.3,12.2,0.000,59.7,111.2,11.2,0.000,0,,,,,,,,,,,,,
postgres,1,snowflake,63100,42323,1513.3,1709.8,2732.6,22.1,0.000,11427840,8413184,63.4,106.3,12.8,0.000,61.5,112.0,11.7,0.000,0,,,,,,,,,,,,,
postgres,1,snowflake,79400,39605,2257.0,2765.3,3196.4,23.8,0.000,14393344,9142272,62.7,111.8,12.7,0.000,57.6,93.5,10.6,0.000,0,,,,,,,,,,,,,
postgres,1,snowflake,100000,41500,1513.5,1752.9,2724.0,21.7,0.000,18145280,12009472,62.2,110.1,12.1,0.000,59.5,107.5,11.6,0.000,0,,,,,,,,,,,,,
postgres,1,snowflake,126000,41798,1509.5,1644.2,2717.1,21.3,0.000,22880256,16744448,58.8,124.9,11.7,0.000,58.8,113.9,11.2,0.000,0,,,,,,,,,,,,,
postgres,1,snowflake,158000,40289,2279.3,2778.6,3184.7,26.0,0.000,28704768,18161664,59.2,105.3,11.8,0.000,59.0,118.5,11.2,0.000,0,,,,,,,,,,,,,
postgres,1,snowflake,200000,40979,2271.0,2772.0,3195.8,25.6,0.000,36356096,24133632,62.5,102.7,13.3,0.000,62.7,115.9,12.8,0.000,0,,,,,,,,,,,,,
postgres,1,snowflake,251000,40931,1552.3,2735.7,2822.1,22.5,0.000,45654016,33439744,58.8,107.9,11.9,0.000,58.4,122.2,11.1,0.000,0,,,,,,,,,,,,,
postgres,1,snowflake,316000,39821,2282.5,2774.1,3179.0,25.9,0.000,57483264,36315136,60.4,115.8,12.2,0.000,60.0,115.9,12.4,0.000,0,,,,,,,,,,,,,
postgres,1,snowflake,398000,39677,2272.3,2806.6,3341.6,28.0,0.000,72417280,48521216,61.7,114.1,12.2,0.000,59.5,113.9,11.5,0.000,0,,,,,,,,,,,,,
postgres,1,snowflake,501000,38199,1462.4,1617.3,1680.5,20.9,0.000,91168768,66813952,65.4,131.0,15.1,0.307,60.2,130.4,12.1,0.032,0,,,,,,,,,,,,,
postgres,1,snowflake,631000,40503,2283.9,2784.9,6589.6,26.3,0.000,114843648,72843264,67.1,123.7,15.9,0.463,62.4,112.5,13.0,0.057,0,,,,,,,,,,,,,
postgres,1,snowflake,794000,39005,1543.7,2724.9,2923.3,23.5,0.000,144523264,96911360,71.5,131.6,20.3,0.975,60.6,106.4,12.6,0.097,0,,,,,,,,,,,,,
postgres,1,snowflake,1000000,38296,1605.7,2751.4,3157.5,24.5,0.000,182034432,133513216,74.3,128.5,22.2,1.351,66.6,127.2,16.0,0.324,0,,,,,,,,,,,,,
postgres,1,snowflake,1260000,39003,2264.0,2874.0,3997.1,26.5,0.000,229376000,145661952,84.5,152.2,26.1,1.410,70.8,124.5,16.0,0.408,0,,,,,,,,,,,,,
postgres,1,snowflake,1580000,35672,1559.1,2743.4,3169.0,29.9,0.483,287645696,193085440,77.7,150.8,25.0,1.430,67.3,131.2,15.9,0.427,0,,,,,,,,,,,,,
postgres,1,snowflake,2000000,31465,1514.8,1690.5,2064.9,35.0,1.123,364126208,267010048,75.6,164.2,25.1,1.519,69.0,130.9,17.7,0.531,0,,,,,,,,,,,,,
postgres,1,snowflake,2510000,31701,1438.2,1639.6,1697.1,33.4,1.158,456998912,291135488,76.5,157.7,24.9,1.580,69.5,137.7,18.8,0.644,0,,,,,,,,,,,,,
postgres,1,snowflake,3160000,30850,1561.7,2790.3,3260.3,34.9,1.310,575356928,389472256,77.5,147.9,26.4,1.662,70.4,120.3,19.5,0.736,0,,,,,,,,,,,,,
postgres,1,snowflake,3980000,29921,2257.9,2770.2,3130.0,35.0,1.339,724672512,533512192,76.3,138.5,25.6,1.728,70.6,133.8,19.7,0.836,0,,,,,,,,,,,,,
postgres,1,snowflake,5010000,29674,1525.5,5141.2,5812.9,34.6,1.338,912228352,581795840,82.0,161.8,27.5,1.767,75.9,165.5,22.6,0.917,0,,,,,,,,,,,,,
postgres,1,snowflake,6310000,27850,1446.3,1667.4,1780.5,38.1,1.677,1148952576,779124736,78.8,151.4,28.0,1.813,74.2,148.8,22.1,1.046,0,,,,,,,,,,,,,
postgres,1,snowflake,7940000,25049,2261.4,2798.1,4114.7,43.4,1.688,1445765120,1066524672,79.8,148.5,28.3,1.849,75.7,149.6,23.3,1.141,0,,,,,,,,,,,,,
postgres,1,snowflake,10000000,22254,2303.4,2930.7,3272.2,46.9,1.674,1820884992,1163288576,76.9,128.1,27.8,1.880,73.8,161.1,23.4,1.252,0,,,,,,,,,,,,,
postgres,1,uuidv1,1000,,1530.1,2136.9,2790.2,17.3,0.003,221184,180224,63.1,107.8,11.0,0.000,59.8,113.9,10.6,0.000,0,,,,,,,,,,,,,
postgres,1,uuidv1,1260,,1547.9,2609.7,3539.8,18.5,0.000,262144,204800,59.6,121.4,10.6,0.000,60.7,114.6,10.0,0.000,0,,,,,,,,,,,,,
postgres,1,uuidv1,1580,,1509.8,1637.4,1728.2,19.0,0.000,327680,245760,60.7,116.1,10.7,0.000,60.5,113.3,10.8,0.000,0,,,,,,,,,,,,,
postgres,1,uuidv1,2000,,1508.5,1628.0,1707.3,18.0,0.000,401408,319488,59.1,113.3,10.7,0.000,60.5,107.8,10.5,0.000,0,,,,,,,,,,,,,
postgres,1,uuidv1,2510,,1502.2,1599.7,1658.0,16.6,0.000,499712,352256,60.3,138.6,10.6,0.000,58.1,129.1,10.9,0.000,0,,,,,,,,,,,,,
postgres,1,uuidv1,3160,,1496.9,1620.5,1748.4,19.7,0.000,622592,458752,59.7,125.1,11.5,0.000,59.7,115.3,10.8,0.000,0,,,,,,,,,,,,,
postgres,1,uuidv1,3980,,1501.3,1624.5,1720.2,16.6,0.000,770048,598016,59.4,119.2,10.8,0.000,57.8,118.5,10.4,0.000,0,,,,,,,,,,,,,
postgres,1,uuidv1,5010,10478,1567.0,2762.5,3323.5,19.9,0.000,966656,655360,57.7,106.7,10.3,0.000,58.4,95.9,10.3,0.000,0,,,,,,,,,,,,,
postgres,1,uuidv1,6310,42920,1494.7,1616.9,1855.6,18.3,0.000,1204224,860160,59.5,119.8,11.1,0.000,58.2,100.3,10.6,0.000,0,,,,,,,,,,,,,
postgres,1,uuidv1,7940,45960,1501.3,1610.0,1663.8,18.3,0.000,1507328,1105920,58.9,135.4,10.5,0.000,58.2,121.0,10.1,0.000,0,,,,,,,,,,,,,
postgres,1,uuidv1,10000,41905,1500.2,1611.7,1701.1,17.9,0.000,1892352,1236992,59.0,98.2,11.2,0.000,58.9,102.8,10.5,0.000,0,,,,,,,,,,,,,
postgres,1,uuidv1,12600,45014,1592.7,2761.8,3091.9,19.5,0.000,2383872,1646592,58.5,118.4,11.6,0.000,59.5,111.8,10.6,0.000,0,,,,,,,,,,,,,
postgres,1,uuidv1,15800,43627,1510.3,1866.2,6117.1,19.6,0.000,2998272,2269184,58.6,116.4,11.4,0.000,59.0,95.9,10.7,0.000,0,,,,,,,,,,,,,
postgres,1,uuidv1,20000,42130,1502.5,1621.2,1691.4,17.9,0.000,3792896,2482176,59.6,103.1,11.7,0.000,59.0,100.5,10.9,0.000,0,,,,,,,,,,,,,
postgres,1,uuidv1,25100,44940,1492.2,1622.9,1695.5,18.2,0.000,4751360,3235840,60.2,119.8,11.9,0.000,59.9,109.6,11.0,0.000,0,,,,,,,,,,,,,
postgres,1,uuidv1,31600,42393,1499.8,1605.7,1642.2,18.0,0.000,5980160,4513792,61.7,109.1,11.9,0.000,59.5,105.4,11.0,0.000,0,,,,,,,,,,,,,
postgres,1,uuidv1,39800,43499,1509.1,1671.6,2036.2,18.8,0.000,7528448,4947968,59.9,98.6,11.9,0.000,61.8,113.0,11.4,0.000,0,,,,,,,,,,,,,
postgres,1,uuidv1,50100,43660,1506.3,1672.5,2124.3,20.8,0.000,9478144,6447104,61.6,107.5,12.6,0.000,60.4,103.2,11.3,0.000,0,,,,,,,,,,,,,
postgres,1,uuidv1,63100,41712,1509.4,1678.3,2267.8,21.3,0.000,11960320,8978432,60.5,109.4,12.5,0.000,60.1,113.0,12.2,0.000,0,,,,,,,,,,,,,
postgres,1,uuidv1,79400,43559,1503.2,1620.7,1691.2,21.5,0.000,15065088,9879552,60.6,118.1,12.0,0.000,59.6,111.9,11.5,0.000,0,,,,,,,,,,,,,
postgres,1,uuidv1,100000,41867,1553.3,2775.9,3070.0,22.0,0.000,18989056,12926976,60.2,105.7,12.3,0.000,58.9,112.7,11.3,0.000,0,,,,,,,,,,,,,
postgres,1,uuidv1,126000,40886,2257.1,2777.5,3339.2,24.5,0.000,23937024,17891328,60.2,112.0,13.0,0.000,60.0,121.6,12.0,0.000,0,,,,,,,,,,,,,
postgres,1,uuidv1,158000,42973,1557.0,2742.1,3140.9,24.1,0.000,30040064,19595264,60.3,112.9,12.9,0.000,60.7,140.5,12.6,0.000,0,,,,,,,,,,,,,
postgres,1,uuidv1,200000,40495,2264.5,2782.5,3414.2,26.9,0.000,38043648,25952256,59.9,117.1,12.3,0.000,59.6,110.5,11.4,0.000,0,,,,,,,,,,,,,
postgres,1,uuidv1,251000,38953,2284.4,2774.8,3163.7,26.3,0.000,47759360,35725312,60.7,125.2,12.4,0.000,62.2,113.1,12.8,0.000,0,,,,,,,,,,,,,
postgres,1,uuidv1,316000,39024,1561.4,2745.2,3285.2,24.4,0.000,60145664,39182336,60.2,113.0,12.5,0.000,60.5,136.5,12.1,0.000,0,,,,,,,,,,,,,
postgres,1,uuidv1,398000,39492,1575.1,2747.8,2988.4,24.8,0.000,75776000,52133888,61.4,118.9,12.5,0.000,60.7,100.3,12.7,0.000,0,,,,,,,,,,,,,
postgres,1,uuidv1,501000,36708,2274.0,2791.0,6582.9,25.7,0.000,95395840,71360512,66.6,119.0,16.5,0.433,63.1,133.3,13.9,0.042,0,,,,,,,,,,,,,
postgres,1,uuidv1,631000,38363,1554.4,2745.3,3131.3,26.2,0.000,120176640,78577664,68.2,123.0,18.1,0.611,61.9,106.3,13.2,0.063,0,,,,,,,,,,,,,
postgres,1,uuidv1,794000,38823,1524.3,2724.8,3034.8,24.9,0.000,151232512,104120320,75.3,140.9,22.8,1.125,65.2,116.3,15.4,0.229,0,,,,,,,,,,,,,
postgres,1,uuidv1,1000000,38148,1502.8,1650.8,2468.8,23.2,0.000,190488576,142589952,73.8,144.3,22.7,1.472,65.8,157.7,16.3,0.353,0,,,,,,,,,,,,,
postgres,1,uuidv1,1260000,39032,1393.7,1615.5,1673.4,23.6,0.004,240041984,157106176,77.1,144.2,25.1,1.501,67.7,115.9,17.1,0.435,0,,,,,,,,,,,,,
postgres,1,uuidv1,1580000,35613,1553.3,2284.5,2752.7,28.8,0.461,301015040,207437824,83.3,172.7,26.7,1.521,69.8,151.9,17.7,0.485,0,,,,,,,,,,,,,
postgres,1,uuidv1,2000000,31889,2259.3,2816.8,3193.4,34.3,1.123,381050880,285171712,77.7,153.2,26.0,1.611,68.3,127.3,18.4,0.570,0,,,,,,,,,,,,,
postgres,1,uuidv1,2510000,31037,1461.6,1653.3,2107.3,32.3,1.186,478240768,313925632,76.9,149.4,26.7,1.664,69.5,146.1,19.3,0.687,0,,,,,,,,,,,,,
postgres,1,uuidv1,3160000,29617,2244.6,2885.9,3407.6,37.0,1.310,602112000,418168832,76.8,141.4,26.0,1.729,72.4,130.0,20.7,0.803,0,,,,,,,,,,,,,
postgres,1,uuidv1,3980000,29526,2270.6,2773.1,3199.0,35.7,1.339,758358016,569647104,79.5,152.4,27.8,1.780,71.7,145.6,20.3,0.916,0,,,,,,,,,,,,,
postgres,1,uuidv1,5010000,29078,1544.4,2267.2,2743.3,34.5,1.339,954646528,627286016,79.2,158.8,27.3,1.812,73.6,137.1,20.7,1.028,0,,,,,,,,,,,,,
postgres,1,uuidv1,6310000,26924,2282.3,2856.9,4996.4,41.2,1.677,1202388992,836419584,78.0,146.5,26.6,1.853,74.3,134.6,21.6,1.143,0,,,,,,,,,,,,,
postgres,1,uuidv1,7940000,24890,1545.6,5154.2,8301.1,38.2,1.689,1513005056,1138622464,79.5,149.8,28.5,1.888,74.8,144.3,22.7,1.270,0,,,,,,,,,,,,,
postgres,1,uuidv1,10000000,22647,1486.0,1672.1,1777.2,42.4,1.676,1905565696,1254088704,81.8,178.3,30.1,1.906,73.9,149.5,22.3,1.374,0,,,,,,,,,,,,,
postgres,1,uuidv4,1000,,2278.7,2823.6,3371.6,20.3,0.003,221184,188416,58.7,129.9,10.3,0.000,57.5,123.4,9.6,0.000,0,,,,,,,,,,,,,
postgres,1,uuidv4,1260,,1671.6,2773.0,3215.8,16.1,0.000,262144,221184,60.2,105.6,10.3,0.000,59.7,109.6,10.5,0.000,0,,,,,,,,,,,,,
postgres,1,uuidv4,1580,,1507.7,1597.9,1634.3,17.3,0.000,327680,270336,59.4,108.3,10.7,0.000,59.7,119.8,10.3,0.000,0,,,,,,,,,,,,,
postgres,1,uuidv4,2000,,1566.5,2750.6,3091.9,21.5,0.000,401408,327680,60.2,110.7,10.7,0.000,60.0,104.2,10.5,0.000,0,,,,,,,,,,,,,
postgres,1,uuidv4,2510,,2260.0,2833.7,3355.9,24.4,0.000,499712,376832,59.6,106.9,11.1,0.000,59.1,104.7,10.8,0.000,0,,,,,,,,,,,,,
postgres,1,uuidv4,3160,,1507.2,1642.2,1798.1,21.5,0.000,622592,507904,59.3,111.4,11.4,0.000,58.5,105.7,10.6,0.000,0,,,,,,,,,,,,,
postgres,1,uuidv4,3980,,2271.0,2755.0,3026.6,22.5,0.000,770048,622592,58.3,108.3,11.2,0.000,58.6,119.6,10.5,0.000,0,,,,,,,,,,,,,
postgres,1,uuidv4,5010,9461,2283.6,2776.8,3156.2,21.3,0.000,966656,696320,59.0,111.9,10.4,0.000,58.9,100.2,10.6,0.000,0,,,,,,,,,,,,,
postgres,1,uuidv4,6310,35978,2275.9,2765.8,3144.6,21.8,0.000,1204224,958464,57.8,102.1,10.5,0.000,58.1,127.2,10.4,0.000,0,,,,,,,,,,,,,
postgres,1,uuidv4,7940,41354,1514.5,2272.5,2748.6,18.1,0.000,1507328,1155072,58.4,128.3,11.3,0.000,57.4,123.1,10.9,0.000,0,,,,,,,,,,,,,
postgres,1,uuidv4,10000,44307,1497.5,1608.0,1724.2,19.3,0.000,1892352,1294336,58.3,108.2,11.1,0.000,59.1,105.2,11.3,0.000,0,,,,,,,,,,,,,
postgres,1,uuidv4,12600,49831,1538.1,2738.8,3172.0,20.3,0.000,2383872,1826816,58.1,93.7,11.0,0.000,58.9,103.7,10.9,0.000,0,,,,,,,,,,,,,
postgres,1,uuidv4,15800,39417,2248.2,2772.3,3210.3,21.9,0.000,2990080,2367488,59.5,146.4,11.2,0.000,58.7,102.9,11.1,0.000,0,,,,,,,,,,,,,
postgres,1,uuidv4,20000,42739,2271.9,2782.1,3318.3,25.3,0.000,3784704,2629632,58.8,135.7,11.3,0.000,58.4,134.1,11.2,0.000,0,,,,,,,,,,,,,
postgres,1,uuidv4,25100,39787,2276.2,2776.5,3123.9,23.1,0.000,4743168,3563520,60.0,120.5,11.9,0.000,60.7,108.7,11.6,0.000,0,,,,,,,,,,,,,
postgres,1,uuidv4,31600,42288,1621.6,2746.6,3087.2,23.9,0.000,5971968,4734976,59.9,106.5,12.1,0.000,59.2,104.2,11.8,0.000,0,,,,,,,,,,,,,
postgres,1,uuidv4,39800,41244,1524.6,2720.7,3207.4,21.2,0.000,7520256,5226496,60.4,106.3,11.6,0.000,60.0,121.3,11.6,0.000,0,,,,,,,,,,,,,
postgres,1,uuidv4,50100,39516,1509.3,1646.0,2613.7,21.4,0.000,9469952,7127040,62.0,112.2,12.3,0.000,59.3,95.8,12.0,0.000,0,,,,,,,,,,,,,
postgres,1,uuidv4,63100,37925,1510.3,1653.4,1869.9,24.0,0.000,11952128,9453568,61.1,118.7,12.1,0.000,60.3,123.8,12.5,0.000,0,,,,,,,,,,,,,
postgres,1,uuidv4,79400,39197,2281.4,2864.0,6828.2,29.0,0.000,15056896,10493952,60.2,107.3,12.5,0.000,60.1,114.0,12.2,0.000,0,,,,,,,,,,,,,
postgres,1,uuidv4,100000,37318,2281.6,2785.0,3208.0,27.7,0.000,18989056,14204928,60.5,110.1,12.7,0.000,59.7,107.5,12.3,0.000,0,,,,,,,,,,,,,
postgres,1,uuidv4,126000,37535,2299.4,8207.1,8293.4,29.7,0.000,23937024,18825216,60.3,104.1,12.8,0.000,60.2,97.7,12.3,0.000,0,,,,,,,,,,,,,
postgres,1,uuidv4,158000,39139,1504.8,1625.9,1705.3,26.2,0.000,30040064,20791296,59.3,118.2,12.5,0.000,59.5,105.7,11.8,0.000,0,,,,,,,,,,,,,
postgres,1,uuidv4,200000,38459,1515.4,2184.3,2905.6,24.9,0.000,38043648,28401664,58.9,98.0,12.2,0.000,60.4,115.6,12.5,0.000,0,,,,,,,,,,,,,
postgres,1,uuidv4,251000,38239,1505.1,1646.5,1746.2,23.0,0.000,47759360,37707776,61.6,126.4,13.2,0.000,60.0,105.6,12.5,0.000,0,,,,,,,,,,,,,
postgres,1,uuidv4,316000,38439,1462.5,1626.5,1695.1,26.1,0.000,60145664,41795584,60.7,105.9,12.7,0.000,60.6,119.3,12.6,0.000,0,,,,,,,,,,,,,
postgres,1,uuidv4,398000,37948,1503.9,1613.6,1685.8,26.6,0.006,75776000,56778752,61.3,110.7,13.1,0.001,60.1,117.1,12.6,0.000,0,,,,,,,,,,,,,
postgres,1,uuidv4,501000,36558,1457.0,1619.3,1699.3,26.6,0.000,95395840,75464704,63.9,116.7,15.5,0.371,60.7,128.1,13.6,0.044,0,,,,,,,,,,,,,
postgres,1,uuidv4,631000,37192,1556.1,2751.1,3282.2,28.5,0.000,120176640,83951616,68.7,131.0,18.8,0.577,61.7,134.2,14.2,0.067,0,,,,,,,,,,,,,
postgres,1,uuidv4,794000,35393,1556.8,2748.0,3173.2,28.4,0.000,151232512,113147904,71.1,132.4,21.5,0.871,64.0,128.0,15.0,0.258,0,,,,,,,,,,,,,
postgres,1,uuidv4,1000000,32260,1581.8,2759.1,3175.1,36.1,0.843,190488576,150740992,72.5,174.8,23.3,0.961,67.5,151.3,17.2,0.325,0,,,,,,,,,,,,,
postgres,1,uuidv4,1260000,29533,1518.4,2609.0,2835.3,37.7,1.315,240041984,168034304,75.3,143.0,23.7,1.105,69.3,131.2,18.4,0.494,0,,,,,,,,,,,,,
postgres,1,uuidv4,1580000,26936,1541.6,2685.0,2778.3,42.0,1.817,301015040,224935936,74.6,130.8,23.9,1.286,69.8,124.2,20.1,0.704,0,,,,,,,,,,,,,
postgres,1,uuidv4,2000000,25960,1500.9,1635.7,1720.8,41.3,2.002,381050880,301678592,75.9,145.5,25.1,1.381,71.3,125.6,21.1,0.862,0,,,,,,,,,,,,,
postgres,1,uuidv4,2510000,25369,2282.9,2804.0,3180.8,47.3,2.123,478232576,335994880,78.1,135.8,26.9,1.484,74.4,136.0,22.6,1.033,0,,,,,,,,,,,,,
postgres,1,uuidv4,3160000,24086,1510.9,1698.3,1860.5,49.2,2.340,602112000,452608000,76.7,189.7,27.9,1.596,74.3,169.4,24.5,1.224,0,,,,,,,,,,,,,
postgres,1,uuidv4,3980000,22604,1874.0,2747.2,3448.9,52.8,2.727,758366208,603512832,76.8,141.7,26.0,1.679,74.8,132.8,23.8,1.328,0,,,,,,,,,,,,,
postgres,1,uuidv4,5010000,21811,1592.0,2752.5,3409.8,54.1,2.788,954646528,671391744,79.2,151.0,28.1,1.726,76.9,150.2,26.2,1.443,0,,,,,,,,,,,,,
postgres,1,uuidv4,6310000,18209,1614.9,5307.7,8311.7,57.6,2.863,1202388992,903675904,79.5,186.6,27.9,1.798,73.9,156.3,24.0,1.564,0,,,,,,,,,,,,,
postgres,1,uuidv4,7940000,17481,2294.5,2861.2,3304.5,58.3,2.873,1513005056,1207279616,79.4,141.9,29.4,1.831,77.4,129.1,25.2,1.649,0,,,,,,,,,,,,,
postgres,1,uuidv4,10000000,16428,1578.8,2275.1,3050.5,58.1,2.901,1905565696,1343143936,79.2,140.4,28.7,1.870,76.3,145.7,25.1,1.720,0,,,,,,,,,,,,,
postgres,1,uuidv6,1000,,1544.2,1745.1,1961.7,17.7,0.003,221184,180224,61.2,115.3,10.6,0.000,58.5,113.0,10.2,0.000,0,,,,,,,,,,,,,
postgres,1,uuidv6,1260,,1536.6,1698.1,2105.6,16.2,0.000,262144,204800,59.3,112.3,10.7,0.000,59.5,108.3,10.2,0.000,0,,,,,,,,,,,,,
postgres,1,uuidv6,1580,,1532.7,1842.8,2422.9,16.8,0.000,327680,245760,59.9,120.5,10.7,0.000,59.2,113.4,10.4,0.000,0,,,,,,,,,,,,,
postgres,1,uuidv6,2000,,1511.7,1680.6,1805.8,18.7,0.000,409600,319488,60.5,105.0,11.2,0.000,59.8,113.8,10.8,0.000,0,,,,,,,,,,,,,
postgres,1,uuidv6,2510,,1516.8,1638.7,1862.5,17.9,0.000,507904,352256,59.3,112.7,10.7,0.000,58.5,99.3,10.6,0.000,0,,,,,,,,,,,,,
postgres,1,uuidv6,3160,,1512.4,1837.0,2330.9,18.4,0.000,630784,458752,58.5,108.2,11.2,0.000,59.8,111.3,10.7,0.000,0,,,,,,,,,,,,,
postgres,1,uuidv6,3980,,1502.9,1621.8,2197.4,18.6,0.000,778240,598016,59.0,105.4,11.3,0.000,57.5,101.5,10.3,0.000,0,,,,,,,,,,,,,
postgres,1,uuidv6,5010,12921,1518.5,2280.9,2974.8,19.6,0.000,974848,655360,59.6,114.7,11.3,0.000,58.7,103.4,10.7,0.000,0,,,,,,,,,,,,,
postgres,1,uuidv6,6310,41143,1592.5,2805.4,3245.6,20.4,0.000,1212416,860160,58.4,129.7,11.7,0.000,60.4,115.9,11.2,0.000,0,,,,,,,,,,,,,
postgres,1,uuidv6,7940,45344,2258.5,2780.5,3331.4,20.5,0.000,1515520,1105920,58.8,116.9,11.3,0.000,58.1,115.4,10.4,0.000,0,,,,,,,,,,,,,
postgres,1,uuidv6,10000,44036,1499.7,1630.2,1694.7,17.9,0.000,1900544,1236992,58.8,102.4,11.4,0.000,58.4,103.8,10.7,0.000,0,,,,,,,,,,,,,
postgres,1,uuidv6,12600,46908,2266.2,2776.7,3226.2,21.7,0.000,2392064,1646592,58.7,94.4,11.2,0.000,57.6,99.3,10.6,0.000,0,,,,,,,,,,,,,
postgres,1,uuidv6,15800,38422,2268.4,2791.5,3189.7,23.5,0.000,2998272,2269184,59.1,2025.1,11.8,0.000,58.8,104.2,10.9,0.000,0,,,,,,,,,,,,,
postgres,1,uuidv6,20000,43493,2276.8,2778.2,3176.0,22.4,0.000,3792896,2482176,59.8,105.6,11.8,0.000,58.6,105.8,10.7,0.000,0,,,,,,,,,,,,,
postgres,1,uuidv6,25100,44135,2270.8,2804.3,3164.2,22.0,0.000,4751360,3235840,59.2,112.7,11.9,0.000,59.0,106.9,11.0,0.000,0,,,,,,,,,,,,,
postgres,1,uuidv6,31600,44763,1658.6,2763.4,3129.9,20.7,0.000,5980160,4513792,60.9,108.7,11.6,0.000,59.1,103.0,10.9,0.000,0,,,,,,,,,,,,,
postgres,1,uuidv6,39800,43123,1508.1,1649.0,2251.0,19.3,0.000,7528448,4947968,61.6,100.1,12.4,0.000,59.4,100.6,11.3,0.000,0,,,,,,,,,,,,,
postgres,1,uuidv6,50100,43862,1526.6,2713.6,3006.9,20.0,0.000,9478144,6447104,58.7,101.7,11.8,0.000,57.7,99.8,10.7,0.000,0,,,,,,,,,,,,,
postgres,1,uuidv6,63100,40870,2283.1,2824.2,3183.8,24.4,0.000,11960320,8978432,59.3,104.5,12.1,0.000,58.5,116.3,11.4,0.000,0,,,,,,,,,,,,,
postgres,1,uuidv6,79400,42347,2286.8,2803.5,3199.7,24.9,0.000,15065088,9879552,60.7,105.8,12.3,0.000,59.7,96.5,11.8,0.000,0,,,,,,,,,,,,,
postgres,1,uuidv6,100000,40489,2279.0,2763.3,3130.5,23.6,0.000,18989056,12926976,60.3,108.1,12.6,0.000,60.4,114.0,12.2,0.000,0,,,,,,,,,,,,,
postgres,1,uuidv6,126000,40604,2271.6,3114.2,7605.6,25.0,0.000,23937024,17891328,60.2,118.6,12.6,0.000,60.8,102.3,12.1,0.000,0,,,,,,,,,,,,,
postgres,1,uuidv6,158000,40758,1504.7,1611.5,1701.7,22.3,0.000,30040064,19595264,61.7,119.7,12.7,0.000,59.3,113.1,11.8,0.000,0,,,,,,,,,,,,,
postgres,1,uuidv6,200000,40570,2268.3,2760.5,3187.5,25.9,0.000,38043648,25952256,59.8,105.3,12.5,0.000,59.9,117.9,12.1,0.000,0,,,,,,,,,,,,,
postgres,1,uuidv6,251000,39597,1524.8,2703.1,2979.2,20.7,0.000,47759360,35725312,60.5,122.1,12.6,0.000,60.9,99.5,12.3,0.000,0,,,,,,,,,,,,,
postgres,1,uuidv6,316000,40128,2267.1,2777.8,3182.2,26.0,0.000,60145664,39182336,59.8,118.8,12.3,0.000,60.9,108.1,12.6,0.000,0,,,,,,,,,,,,,
postgres,1,uuidv6,398000,39760,1499.4,1632.8,1698.8,22.9,0.000,75776000,52133888,60.8,112.9,12.7,0.000,59.8,114.4,12.0,0.000,0,,,,,,,,,,,,,
postgres,1,uuidv6,501000,39268,1836.3,2761.0,3417.4,22.7,0.000,95395840,71360512,65.6,122.6,16.6,0.438,60.9,105.2,13.2,0.048,0,,,,,,,,,,,,,
postgres,1,uuidv6,631000,39776,1433.8,1606.5,1648.9,22.4,0.000,120176640,78577664,67.9,131.7,17.6,0.610,60.4,115.4,12.8,0.069,0,,,,,,,,,,,,,
postgres,1,uuidv6,794000,39062,1517.4,2261.6,2978.6,23.9,0.000,151232512,104120320,72.1,137.6,21.9,1.124,64.0,141.1,15.1,0.190,0,,,,,,,,,,,,,
postgres,1,uuidv6,1000000,38277,1525.0,2713.8,2835.8,23.4,0.000,190488576,142589952,75.1,120.2,23.8,1.474,67.8,128.8,17.1,0.360,0,,,,,,,,,,,,,
postgres,1,uuidv6,1260000,38741,1425.6,1631.6,1712.6,23.8,0.003,240041984,157106176,77.8,149.7,25.5,1.500,67.1,114.7,17.0,0.429,0,,,,,,,,,,,,,
postgres,1,uuidv6,1580000,35265,2280.4,2769.2,3168.8,30.9,0.460,301015040,207437824,75.4,140.4,24.3,1.510,67.0,124.1,16.8,0.473,0,,,,,,,,,,,,,
postgres,1,uuidv6,2000000,31603,2292.6,7178.7,8580.4,34.4,1.126,381059072,285171712,76.3,133.5,25.9,1.618,68.3,130.7,17.9,0.551,0,,,,,,,,,,,,,
postgres,1,uuidv6,2510000,31420,2244.5,2821.8,3252.3,36.0,1.162,478240768,313925632,76.0,156.2,25.7,1.678,70.1,132.3,19.1,0.690,0,,,,,,,,,,,,,
postgres,1,uuidv6,3160000,30381,2269.3,2802.3,3225.5,34.9,1.310,602112000,418168832,78.3,154.4,27.1,1.733,70.0,135.3,19.5,0.803,0,,,,,,,,,,,,,
postgres,1,uuidv6,3980000,29186,1517.9,1697.1,2118.6,36.7,1.339,758366208,569647104,79.3,156.4,27.3,1.783,76.5,147.3,22.8,0.920,0,,,,,,,,,,,,,
postgres,1,uuidv6,5010000,30702,2281.5,2766.8,3164.5,30.7,1.339,954646528,627286016,76.7,115.7,26.4,1.820,73.1,116.7,21.4,1.032,0,,,,,,,,,,,,,
postgres,1,uuidv6,6310000,28850,2280.4,2782.3,3418.5,36.7,1.677,1202380800,836419584,76.6,117.5,26.4,1.864,72.7,109.3,21.4,1.140,0,,,,,,,,,,,,,
postgres,1,uuidv6,7940000,26562,2284.1,3049.7,8272.6,36.5,1.689,1512996864,1138622464,77.0,122.6,26.9,1.885,72.5,120.5,22.3,1.250,0,,,,,,,,,,,,,
postgres,1,uuidv6,10000000,23902,2282.8,2790.1,3186.8,34.0,1.674,1905565696,1254088704,76.8,120.1,26.0,1.912,72.3,119.0,20.8,1.362,0,,,,,,,,,,,,,
postgres,1,uuidv7,1000,,2287.4,2788.8,3239.2,18.9,0.003,221184,180224,57.9,95.3,10.2,0.000,58.3,97.9,10.0,0.000,0,,,,,,,,,,,,,
postgres,1,uuidv7,1260,,2286.1,2764.3,3215.8,17.0,0.000,262144,204800,56.6,92.5,9.8,0.000,56.4,97.2,9.7,0.000,0,,,,,,,,,,,,,
postgres,1,uuidv7,1580,,2258.6,2768.9,3089.9,15.7,0.000,327680,245760,56.1,111.5,9.7,0.000,56.4,86.6,9.8,0.000,0,,,,,,,,,,,,,
postgres,1,uuidv7,2000,,1515.5,1613.8,1673.8,15.1,0.000,401408,319488,57.3,112.9,10.7,0.000,58.0,100.5,10.3,0.000,0,,,,,,,,,,,,,
postgres,1,uuidv7,2510,,1506.8,1600.8,1633.0,16.0,0.000,499712,352256,57.1,98.4,10.2,0.000,55.8,83.4,9.7,0.000,0,,,,,,,,,,,,,
postgres,1,uuidv7,3160,,1499.9,1598.4,1666.7,15.7,0.000,622592,458752,56.2,96.3,10.1,0.000,55.5,86.2,9.9,0.000,0,,,,,,,,,,,,,
postgres,1,uuidv7,3980,,1536.4,2741.5,2954.5,16.7,0.000,770048,598016,56.1,95.2,10.0,0.000,55.7,93.9,9.8,0.000,0,,,,,,,,,,,,,
postgres,1,uuidv7,5010,6892,2255.1,2771.2,3057.0,16.9,0.000,966656,655360,56.8,89.4,10.4,0.000,56.5,86.8,10.1,0.000,0,,,,,,,,,,,,,
postgres,1,uuidv7,6310,34301,2271.1,2795.4,6728.9,19.1,0.000,1204224,860160,57.0,98.5,10.4,0.000,56.7,85.6,10.3,0.000,0,,,,,,,,,,,,,
postgres,1,uuidv7,7940,41122,2276.1,2763.1,3151.3,18.5,0.000,1507328,1105920,57.0,99.0,10.5,0.000,56.6,85.8,10.0,0.000,0,,,,,,,,,,,,,
postgres,1,uuidv7,10000,45821,1560.8,2739.3,3011.4,16.5,0.000,1892352,1236992,57.1,88.2,10.3,0.000,56.3,90.7,9.9,0.000,0,,,,,,,,,,,,,
postgres,1,uuidv7,12600,49571,1528.3,2750.5,3327.8,16.4,0.000,2383872,1646592,56.7,101.2,10.5,0.000,56.2,88.9,9.8,0.000,0,,,,,,,,,,,,,
postgres,1,uuidv7,15800,46923,1514.0,1640.1,2737.8,16.9,0.000,2990080,2269184,56.9,89.3,10.7,0.000,56.9,90.7,10.2,0.000,0,,,,,,,,,,,,,
postgres,1,uuidv7,20000,46624,1509.5,1617.4,1921.2,16.5,0.000,3784704,2482176,57.7,90.3,11.1,0.000,57.1,92.2,10.5,0.000,0,,,,,,,,,,,,,
postgres,1,uuidv7,25100,47116,2249.5,2752.1,3111.6,18.2,0.000,4743168,3235840,58.0,88.5,11.3,0.000,56.5,97.2,10.3,0.000,0,,,,,,,,,,,,,
postgres,1,uuidv7,31600,46312,2282.8,2766.9,3148.1,19.2,0.000,5971968,4513792,58.5,86.0,11.3,0.000,57.9,85.8,10.8,0.000,0,,,,,,,,,,,,,
postgres,1,uuidv7,39800,44825,2280.5,2762.2,2968.5,20.9,0.000,7528448,4947968,56.9,82.9,11.0,0.000,56.0,86.4,10.5,0.000,0,,,,,,,,,,,,,
postgres,1,uuidv7,50100,44299,2275.8,2754.6,2989.1,18.3,0.000,9478144,6447104,57.6,89.9,11.2,0.000,56.9,86.5,10.6,0.000,0,,,,,,,,,,,,,
postgres,1,uuidv7,63100,44148,1552.6,2731.4,2946.4,19.0,0.000,11960320,8978432,58.3,92.6,11.7,0.000,58.3,89.0,11.2,0.000,0,,,,,,,,,,,,,
postgres,1,uuidv7,79400,45270,1509.0,1621.2,2572.1,18.0,0.000,15065088,9879552,58.7,91.3,12.0,0.000,58.0,90.6,11.0,0.000,0,,,,,,,,,,,,,
postgres,1,uuidv7,100000,44784,1514.1,1639.0,2421.7,17.9,0.000,18989056,12926976,57.8,89.9,11.7,0.000,57.7,91.6,11.3,0.000,0,,,,,,,,,,,,,
postgres,1,uuidv7,126000,43383,1509.0,1628.0,1759.2,17.9,0.000,23937024,17891328,58.4,92.6,12.1,0.000,57.6,93.4,11.4,0.000,0,,,,,,,,,,,,,
postgres,1,uuidv7,158000,44148,1505.4,1629.4,1708.6,19.7,0.000,30040064,19595264,58.3,102.0,11.7,0.000,57.6,87.9,11.1,0.000,0,,,,,,,,,,,,,
postgres,1,uuidv7,200000,43274,1502.0,1608.7,1662.2,18.9,0.000,38043648,25952256,58.6,106.3,12.1,0.000,58.7,105.8,11.5,0.000,0,,,,,,,,,,,,,
postgres,1,uuidv7,251000,42975,1504.9,1598.8,1639.2,18.4,0.000,47759360,35725312,58.4,92.6,12.1,0.000,57.8,92.3,11.4,0.000,0,,,,,,,,,,,,,
postgres,1,uuidv7,316000,43759,1505.9,1616.6,1669.1,21.5,0.000,60145664,39182336,60.2,104.4,13.3,0.000,58.7,95.8,11.8,0.000,0,,,,,,,,,,,,,
postgres,1,uuidv7,398000,43054,1523.5,2724.7,6104.1,21.7,0.000,75776000,52133888,60.4,115.1,12.8,0.000,59.4,98.5,12.4,0.000,0,,,,,,,,,,,,,
postgres,1,uuidv7,501000,42047,1711.5,2955.2,3875.8,26.1,0.000,95395840,71360512,67.9,122.9,16.6,0.447,59.6,119.5,13.1,0.041,0,,,,,,,,,,,,,
postgres,1,uuidv7,631000,41350,1557.5,2750.0,3501.0,22.9,0.000,120176640,78577664,70.5,128.0,18.7,0.615,60.0,116.2,13.2,0.075,0,,,,,,,,,,,,,
postgres,1,uuidv7,794000,40634,1516.5,1731.6,2734.8,19.5,0.000,151232512,104120320,70.0,110.9,19.9,1.131,59.2,95.2,13.4,0.195,0,,,,,,,,,,,,,
postgres,1,uuidv7,1000000,42243,2275.4,2760.2,3023.6,21.0,0.000,190488576,142589952,74.3,121.3,23.5,1.471,63.5,112.1,15.4,0.360,0,,,,,,,,,,,,,
postgres,1,uuidv7,1260000,43597,2266.3,2774.3,2957.1,22.4,0.002,240041984,157106176,72.7,113.5,22.5,1.515,64.5,111.5,15.6,0.419,0,,,,,,,,,,,,,
postgres,1,uuidv7,1580000,38452,1675.3,2762.6,3037.5,22.9,0.502,301015040,207437824,74.1,135.3,23.5,1.521,68.6,126.4,17.3,0.480,0,,,,,,,,,,,,,
postgres,1,uuidv7,2000000,35246,2253.7,2766.1,3141.4,26.5,1.123,381050880,285171712,74.4,125.6,23.9,1.617,66.6,110.9,16.8,0.578,0,,,,,,,,,,,,,
postgres,1,uuidv7,2510000,34704,2282.1,2765.3,2976.3,27.2,1.161,478232576,313925632,74.6,128.7,24.5,1.673,68.5,123.5,18.3,0.685,0,,,,,,,,,,,,,
postgres,1,uuidv7,3160000,32620,2275.1,2763.3,3513.0,30.7,1.315,602120192,418168832,73.4,125.0,23.7,1.717,69.4,121.0,19.3,0.782,0,,,,,,,,,,,,,
postgres,1,uuidv7,3980000,32763,1565.7,2758.2,3085.4,28.6,1.339,758366208,569647104,74.3,116.9,24.3,1.785,68.9,118.6,19.3,0.900,0,,,,,,,,,,,,,
postgres,1,uuidv7,5010000,31969,2284.0,2771.6,2995.3,27.4,1.339,954654720,627286016,73.9,113.6,24.5,1.825,70.1,118.5,19.8,1.038,0,,,,,,,,,,,,,
postgres,1,uuidv7,6310000,30613,1572.4,2737.5,3065.2,34.7,1.677,1202380800,836419584,79.3,146.4,27.7,1.858,73.1,126.6,21.4,1.143,0,,,,,,,,,,,,,
postgres,1,uuidv7,7940000,27118,1525.9,4682.4,5301.0,36.0,1.689,1512996864,1138622464,75.6,126.6,25.4,1.885,71.4,122.2,21.1,1.273,0,,,,,,,,,,,,,
postgres,1,uuidv7,10000000,24618,2291.5,7340.6,8375.9,35.8,1.674,1905565696,1254088704,74.7,120.8,25.2,1.907,69.3,100.3,19.7,1.350,0,,,,,,,,,,,,,
postgres,1,uuidv4_str,1000,,2296.1,2806.7,3214.2,16.5,0.003,237568,221184,56.2,93.5,10.1,0.000,55.5,76.4,9.7,0.000,0,,,,,,,,,,,,,
postgres,1,uuidv4_str,1260,,2286.0,2788.9,5981.3,16.7,0.000,294912,262144,56.2,89.7,10.1,0.000,55.8,83.9,9.8,0.000,0,,,,,,,,,,,,,
postgres,1,uuidv4_str,1580,,2290.3,2772.1,3608.1,16.6,0.000,360448,327680,56.7,97.5,10.5,0.000,56.4,89.3,10.1,0.000,0,,,,,,,,,,,,,
postgres,1,uuidv4_str,2000,,2267.6,2764.1,3161.9,15.9,0.000,442368,401408,56.1,96.6,10.0,0.000,56.3,91.4,10.1,0.000,0,,,,,,,,,,,,,
postgres,1,uuidv4_str,2510,,1512.3,1610.6,1642.4,16.9,0.000,548864,466944,57.2,101.5,10.4,0.000,56.3,100.3,10.3,0.000,0,,,,,,,,,,,,,
postgres,1,uuidv4_str,3160,,1515.2,1627.9,1818.4,18.7,0.000,679936,622592,64.2,142.4,12.6,0.000,56.3,100.0,10.7,0.000,0,,,,,,,,,,,,,
postgres,1,uuidv4_str,3980,,1509.7,1616.0,1891.1,17.5,0.000,851968,753664,57.0,110.5,11.3,0.000,56.3,102.4,11.0,0.000,0,,,,,,,,,,,,,
postgres,1,uuidv4_str,5010,12362,1504.7,1603.0,1635.4,17.2,0.000,1064960,860160,57.4,106.9,11.4,0.000,56.5,97.5,11.1,0.000,0,,,,,,,,,,,,,
postgres,1,uuidv4_str,6310,39398,2255.1,2750.5,4245.6,18.5,0.000,1327104,1179648,56.4,90.2,10.8,0.000,56.8,84.0,10.7,0.000,0,,,,,,,,,,,,,
postgres,1,uuidv4_str,7940,43882,1558.9,2747.4,3667.4,20.1,0.000,1662976,1417216,56.3,98.2,11.0,0.000,57.3,111.2,11.2,0.000,0,,,,,,,,,,,,,
postgres,1,uuidv4_str,10000,38987,2265.2,2760.2,3182.0,20.5,0.000,2080768,1679360,60.8,125.9,12.8,0.000,56.8,104.4,11.2,0.000,0,,,,,,,,,,,,,
postgres,1,uuidv4_str,12600,45122,1562.6,2754.9,3141.1,18.4,0.000,2613248,2277376,56.9,105.8,11.5,0.000,56.6,90.4,11.2,0.000,0,,,,,,,,,,,,,
postgres,1,uuidv4_str,15800,44271,1557.6,2744.8,2959.6,19.0,0.000,3268608,2883584,57.8,125.8,11.9,0.000,57.6,114.4,11.2,0.000,0,,,,,,,,,,,,,
postgres,1,uuidv4_str,20000,45877,1564.7,2750.3,3010.3,19.5,0.000,4128768,3375104,56.4,87.5,11.0,0.000,56.1,80.0,10.9,0.000,0,,,,,,,,,,,,,
postgres,1,uuidv4_str,25100,40460,2276.8,2754.9,2998.5,20.1,0.000,5185536,4505600,57.3,93.3,11.8,0.000,57.0,98.1,11.3,0.000,0,,,,,,,,,,,,,
postgres,1,uuidv4_str,31600,43679,2279.5,2761.1,2983.0,20.3,0.000,6512640,5816320,58.6,106.2,12.5,0.000,56.8,91.8,11.2,0.000,0,,,,,,,,,,,,,
postgres,1,uuidv4_str,39800,42931,1524.7,2729.7,2766.2,18.6,0.000,8192000,6701056,58.0,101.9,12.3,0.000,57.4,98.6,11.8,0.000,0,,,,,,,,,,,,,
postgres,1,uuidv4_str,50100,42803,1563.1,2746.6,3051.0,19.8,0.000,10305536,8912896,57.5,99.5,11.8,0.000,56.8,98.3,11.4,0.000,0,,,,,,,,,,,,,
postgres,1,uuidv4_str,63100,41727,2271.2,2764.3,3183.0,22.3,0.000,12967936,11640832,57.2,96.0,11.9,0.000,57.2,97.7,11.9,0.000,0,,,,,,,,,,,,,
postgres,1,uuidv4_str,79400,40470,1845.4,2754.2,2955.3,22.9,0.000,16302080,13369344,58.7,104.0,12.3,0.000,58.1,119.8,12.7,0.000,0,,,,,,,,,,,,,
postgres,1,uuidv4_str,100000,38602,2282.1,2762.8,3170.2,22.8,0.000,20520960,17776640,57.8,115.3,12.4,0.000,58.2,100.3,12.4,0.000,0,,,,,,,,,,,,,
postgres,1,uuidv4_str,126000,40064,2284.4,2785.0,6706.3,23.1,0.000,25985024,23314432,58.2,100.3,12.5,0.000,57.4,93.7,11.8,0.000,0,,,,,,,,,,,,,
postgres,1,uuidv4_str,158000,40597,1519.3,1706.3,2740.0,21.5,0.000,32710656,26468352,59.1,106.8,13.2,0.000,59.4,121.8,13.3,0.000,0,,,,,,,,,,,,,
postgres,1,uuidv4_str,200000,38584,1549.6,2737.2,3369.8,23.5,0.000,41541632,35520512,58.5,91.1,12.7,0.000,59.4,111.1,13.1,0.000,0,,,,,,,,,,,,,
postgres,1,uuidv4_str,251000,38721,2263.2,2720.3,2974.2,23.5,0.000,52248576,46751744,59.1,102.8,13.2,0.000,59.0,99.4,12.9,0.000,0,,,,,,,,,,,,,
postgres,1,uuidv4_str,316000,38163,2266.7,2721.4,3033.6,24.9,0.000,65904640,53198848,58.7,109.0,13.3,0.000,58.5,99.3,12.8,0.000,0,,,,,,,,,,,,,
postgres,1,uuidv4_str,398000,37252,2267.6,2731.2,3237.4,25.8,0.000,83140608,70950912,62.7,116.3,15.1,0.239,58.5,99.0,12.8,0.031,0,,,,,,,,,,,,,
postgres,1,uuidv4_str,501000,37777,2265.5,2731.7,3389.8,24.2,0.000,104783872,93585408,67.2,128.6,18.1,0.618,60.2,108.5,13.8,0.068,0,,,,,,,,,,,,,
postgres,1,uuidv4_str,631000,38004,2273.7,2750.6,2997.4,24.8,0.002,132087808,106758144,67.9,105.8,18.9,0.801,62.2,106.0,15.4,0.256,0,,,,,,,,,,,,,
postgres,1,uuidv4_str,794000,36158,2252.3,2758.7,3315.6,26.2,0.264,166330368,141230080,71.0,115.0,21.3,1.220,67.8,124.7,18.4,0.659,0,,,,,,,,,,,,,
postgres,1,uuidv4_str,1000000,29756,1361.0,1626.3,1703.7,32.1,1.415,209616896,187260928,71.8,112.3,22.3,1.259,66.4,108.3,17.9,0.603,0,,,,,,,,,,,,,
postgres,1,uuidv4_str,1260000,29359,2278.0,2780.7,3293.4,38.6,1.791,265527296,213647360,72.9,117.7,23.3,1.395,69.0,116.9,19.8,0.807,0,,,,,,,,,,,,,
postgres,1,uuidv4_str,1580000,26956,2274.6,2762.3,3476.9,38.5,2.084,334356480,280559616,74.7,122.4,24.6,1.508,70.0,110.2,20.8,0.980,0,,,,,,,,,,,,,
postgres,1,uuidv4_str,2000000,25226,1507.9,1690.2,2241.4,42.2,2.679,424861696,374620160,76.4,135.9,26.5,1.639,72.5,118.8,22.0,1.166,0,,,,,,,,,,,,,
postgres,1,uuidv4_str,2510000,24776,1561.2,2744.6,3459.4,42.7,2.749,534847488,426557440,74.5,117.7,25.3,1.710,71.4,104.6,21.5,1.289,0,,,,,,,,,,,,,
postgres,1,uuidv4_str,3160000,23853,1520.6,2273.4,2745.4,44.8,2.829,675004416,563453952,76.1,125.3,26.7,1.762,72.8,114.0,22.7,1.430,0,,,,,,,,,,,,,
postgres,1,uuidv4_str,3980000,22703,1569.1,2732.7,3075.8,44.8,2.867,851828736,748535808,75.3,121.2,26.1,1.817,73.7,114.4,22.8,1.540,0,,,,,,,,,,,,,
postgres,1,uuidv4_str,5010000,20205,2317.9,2788.3,3065.7,47.5,2.869,1073938432,852738048,75.3,138.4,26.8,1.848,73.7,126.8,23.4,1.613,0,,,,,,,,,,,,,
postgres,1,uuidv4_str,6310000,18283,1610.7,4274.8,5410.9,48.2,2.928,1354268672,1125048320,76.2,134.3,26.7,1.874,74.3,124.6,23.3,1.694,0,,,,,,,,,,,,,
postgres,1,uuidv4_str,7940000,17463,1552.7,1800.7,2783.6,47.6,2.931,1705762816,1496629248,76.1,129.0,27.0,1.913,71.9,129.4,22.1,1.758,0,,,,,,,,,,,,,
postgres,1,uuidv4_str,10000000,14138,3865.5,6352.1,11660.9,48.8,2.963,2149974016,1703829504,77.6,135.2,28.0,1.932,74.9,132.6,23.6,1.815,0,,,,,,,,,,,,,
postgres,1,ulid,1000,,3881.3,4378.4,5204.2,19.8,0.003,229376,196608,56.4,93.7,10.8,0.000,56.7,105.0,10.7,0.000,0,,,,,,,,,,,,,
postgres,1,ulid,1260,,3289.1,4347.4,4449.1,19.1,0.000,286720,229376,57.2,103.7,11.1,0.000,55.8,90.0,10.2,0.000,0,,,,,,,,,,,,,
postgres,1,ulid,1580,,2928.4,3419.0,6020.0,18.0,0.000,344064,278528,55.9,285.2,10.5,0.000,58.4,117.8,10.8,0.000,0,,,,,,,,,,,,,
postgres,1,ulid,2000,,2970.2,3716.7,4428.9,19.2,0.000,434176,352256,56.4,92.4,10.5,0.000,56.4,98.2,10.2,0.000,0,,,,,,,,,,,,,
postgres,1,ulid,2510,,3414.5,4385.5,5905.3,19.3,0.000,532480,401408,56.4,98.0,10.7,0.000,55.6,91.5,10.2,0.000,0,,,,,,,,,,,,,
postgres,1,ulid,3160,,3855.0,4373.8,5152.8,20.1,0.000,663552,516096,56.0,93.2,10.7,0.000,56.0,99.9,10.5,0.000,0,,,,,,,,,,,,,
postgres,1,ulid,3980,,3864.6,4358.0,4799.1,19.7,0.000,835584,663552,56.2,100.5,10.6,0.000,55.6,93.2,10.4,0.000,0,,,,,,,,,,,,,
postgres,1,ulid,5010,3818,3256.0,4323.3,4496.9,18.7,0.000,1040384,745472,56.5,90.1,10.8,0.000,56.2,93.7,10.7,0.000,0,,,,,,,,,,,,,
postgres,1,ulid,6310,23310,3182.9,4294.9,4912.3,18.8,0.000,1302528,966656,56.0,84.9,10.7,0.000,56.1,92.2,10.6,0.000,0,,,,,,,,,,,,,
postgres,1,ulid,7940,39701,3507.9,4766.5,5043.5,20.4,0.000,1630208,1245184,57.4,109.7,11.2,0.000,56.8,103.4,10.6,0.000,0,,,,,,,,,,,,,
postgres,1,ulid,10000,41236,4315.5,4800.6,8324.9,20.3,0.000,2039808,1417216,56.6,96.2,11.0,0.000,56.3,100.8,10.6,0.000,0,,,,,,,,,,,,,
postgres,1,ulid,12600,37833,4012.1,4771.5,4908.9,19.5,0.000,2555904,1867776,56.6,97.8,11.0,0.000,56.2,99.7,10.5,0.000,0,,,,,,,,,,,,,
postgres,1,ulid,15800,41196,3188.8,3707.3,4635.6,20.5,0.000,3194880,2555904,56.9,95.0,11.3,0.000,56.3,99.4,10.8,0.000,0,,,,,,,,,,,,,
postgres,1,ulid,20000,41483,3124.2,3580.5,3787.0,19.4,0.000,4038656,2842624,57.2,92.5,11.6,0.000,56.4,81.8,10.7,0.000,0,,,,,,,,,,,,,
postgres,1,ulid,25100,42292,3414.3,4611.8,4781.8,19.6,0.000,5054464,3686400,57.1,94.3,11.4,0.000,56.2,89.5,10.7,0.000,0,,,,,,,,,,,,,
postgres,1,ulid,31600,39707,3481.5,4435.3,4826.4,20.9,0.000,6356992,5103616,58.2,106.4,12.2,0.000,57.2,102.2,11.2,0.000,0,,,,,,,,,,,,,
postgres,1,ulid,39800,42527,3460.9,4777.2,5003.4,20.5,0.000,7995392,5677056,57.9,108.9,11.9,0.000,58.3,111.4,11.7,0.000,0,,,,,,,,,,,,,
postgres,1,ulid,50100,41401,2717.7,3607.0,4418.0,19.2,0.000,10051584,7364608,58.2,109.6,12.3,0.000,57.5,107.8,11.3,0.000,0,,,,,,,,,,,,,
postgres,1,ulid,63100,42013,3094.7,4295.7,4658.9,20.9,0.000,12648448,10141696,58.1,101.1,12.1,0.000,57.9,106.0,11.8,0.000,0,,,,,,,,,,,,,
postgres,1,ulid,79400,40541,3200.1,4302.9,4652.9,21.4,0.000,15900672,11321344,61.0,121.0,13.2,0.000,58.4,112.1,12.1,0.000,0,,,,,,,,,,,,,
postgres,1,ulid,100000,39956,3415.2,4311.2,7612.6,22.9,0.000,20021248,14745600,57.6,106.1,12.3,0.000,57.7,105.7,11.7,0.000,0,,,,,,,,,,,,,
postgres,1,ulid,126000,39715,3495.4,4753.7,4823.0,21.9,0.000,25214976,20185088,58.6,110.7,12.7,0.000,58.6,109.8,12.2,0.000,0,,,,,,,,,,,,,
postgres,1,ulid,158000,40269,3314.6,4327.1,4768.2,22.9,0.000,31612928,22462464,58.9,106.4,12.8,0.000,58.0,98.0,12.0,0.000,0,,,,,,,,,,,,,
postgres,1,ulid,200000,39199,3867.7,4428.2,4784.6,23.2,0.000,40009728,29581312,58.5,110.4,12.8,0.000,58.4,106.2,12.3,0.000,0,,,,,,,,,,,,,
postgres,1,ulid,251000,38288,2913.0,3386.4,4175.3,21.9,0.000,50200576,40288256,58.8,109.6,13.0,0.000,58.0,108.9,12.2,0.000,0,,,,,,,,,,,,,
postgres,1,ulid,316000,39656,3838.6,4293.2,4796.4,24.4,0.000,63184896,44933120,58.6,111.1,12.9,0.000,58.5,105.5,12.6,0.000,0,,,,,,,,,,,,,
postgres,1,ulid,398000,38376,3256.4,4264.8,4584.9,23.7,0.000,79577088,59375616,59.6,110.2,13.3,0.107,58.6,102.0,12.5,0.009,0,,,,,,,,,,,,,
postgres,1,ulid,501000,38216,3458.9,4750.7,4916.7,23.0,0.000,100163584,80470016,66.4,122.9,17.3,0.514,59.6,109.1,13.5,0.063,0,,,,,,,,,,,,,
postgres,1,ulid,631000,41839,1495.3,1662.9,1748.5,19.5,0.000,126140416,90054656,68.8,118.0,19.3,0.859,58.9,98.3,13.4,0.090,0,,,,,,,,,,,,,
postgres,1,ulid,794000,40427,1541.0,2362.7,2864.6,20.4,0.000,158720000,118562816,72.6,121.5,22.1,1.284,61.6,106.1,15.1,0.292,0,,,,,,,,,,,,,
postgres,1,ulid,1000000,39293,1541.1,2729.2,2947.0,19.8,0.000,199884800,160768000,73.6,122.7,23.2,1.608,63.8,111.5,16.1,0.379,0,,,,,,,,,,,,,
postgres,1,ulid,1260000,40573,1563.2,2795.7,2977.2,19.9,0.000,251854848,180019200,73.4,125.2,23.3,1.635,65.7,107.3,16.8,0.496,0,,,,,,,,,,,,,
postgres,1,ulid,1580000,36469,2347.8,2831.3,3364.3,25.1,0.615,315801600,236167168,75.1,130.8,24.7,1.608,68.6,122.7,18.6,0.548,0,,,,,,,,,,,,,
postgres,1,ulid,2000000,33329,2345.9,2836.0,5702.3,25.9,1.123,399736832,321552384,74.6,139.9,24.8,1.690,68.0,119.0,18.2,0.665,0,,,,,,,,,,,,,
postgres,1,ulid,2510000,32829,2318.0,2862.9,3489.7,28.8,1.159,501669888,359579648,76.0,124.6,26.3,1.760,69.1,115.1,19.2,0.783,0,,,,,,,,,,,,,
postgres,1,ulid,3160000,30038,4264.3,4791.7,5322.8,31.0,1.311,631578624,475652096,75.5,134.9,25.9,1.806,71.9,128.4,20.6,0.909,0,,,,,,,,,,,,,
postgres,1,ulid,3980000,29115,3816.7,4333.5,4946.2,32.7,1.340,795459584,642031616,76.4,135.1,26.6,1.840,71.1,119.8,20.9,1.045,0,,,,,,,,,,,,,
postgres,1,ulid,5010000,27292,2842.3,3732.4,4905.8,30.8,1.339,1001332736,718422016,76.4,136.6,27.1,1.887,72.4,128.9,21.8,1.171,0,,,,,,,,,,,,,
postgres,1,ulid,6310000,24788,3727.4,5093.0,8842.1,33.7,1.677,1261142016,951189504,77.6,135.9,27.9,1.914,72.8,128.4,22.0,1.304,0,,,,,,,,,,,,,
postgres,1,ulid,7940000,22095,3175.3,4232.8,4294.2,32.6,1.689,1586913280,1283063808,76.6,133.2,27.3,1.936,73.5,128.6,22.3,1.413,0,,,,,,,,,,,,,
postgres,1,ulid,10000000,17962,3791.5,4335.0,8146.1,34.6,1.674,1998618624,1435992064,76.9,130.5,27.6,1.959,71.2,125.3,21.8,1.501,0,,,,,,,,,,,,,
postgres,1,objectid,1000,,3238.0,4292.4,5044.9,18.1,0.003,229376,196608,56.9,103.0,10.6,0.000,56.3,103.0,10.2,0.000,0,,,,,,,,,,,,,
postgres,1,objectid,1260,,3170.0,4245.8,4763.4,17.8,0.000,278528,229376,56.2,101.8,10.3,0.000,56.5,103.4,10.4,0.000,0,,,,,,,,,,,,,
postgres,1,objectid,1580,,3409.6,4735.1,6246.0,19.4,0.000,344064,278528,56.4,101.2,10.5,0.000,56.3,99.4,10.2,0.000,0,,,,,,,,,,,,,
postgres,1,objectid,2000,,3849.4,4790.3,4908.6,18.4,0.000,425984,352256,56.6,98.2,10.5,0.000,57.5,111.9,10.7,0.000,0,,,,,,,,,,,,,
postgres,1,objectid,2510,,4335.9,4821.6,5198.1,21.6,0.000,532480,401408,56.5,97.0,10.6,0.000,55.9,102.6,10.5,0.000,0,,,,,,,,,,,,,
postgres,1,objectid,3160,,4298.7,4806.7,5028.9,20.8,0.000,655360,516096,56.1,101.9,10.6,0.000,55.8,104.8,10.4,0.000,0,,,,,,,,,,,,,
postgres,1,objectid,3980,,3356.8,4681.5,4810.7,19.1,0.000,819200,663552,56.4,106.8,10.9,0.000,55.9,106.2,10.7,0.000,0,,,,,,,,,,,,,
postgres,1,objectid,5010,4370,3091.0,4276.8,4570.9,18.8,0.000,1015808,745472,56.4,102.3,11.1,0.000,57.9,104.6,11.3,0.000,0,,,,,,,,,,,,,
postgres,1,objectid,6310,31821,2906.9,3480.1,4342.9,18.9,0.000,1269760,966656,56.5,99.7,11.0,0.000,55.8,96.1,10.5,0.000,0,,,,,,,,,,,,,
postgres,1,objectid,7940,42250,3236.8,4299.8,4658.8,20.2,0.000,1589248,1245184,57.0,103.2,11.4,0.000,56.7,114.3,11.0,0.000,0,,,,,,,,,,,,,
postgres,1,objectid,10000,39952,2897.6,3391.1,4211.1,19.3,0.000,1990656,1417216,57.0,109.7,11.5,0.000,57.0,118.7,11.3,0.000,0,,,,,,,,,,,,,
postgres,1,objectid,12600,40400,3219.3,4271.1,4665.4,20.4,0.000,2506752,1867776,58.9,115.7,12.3,0.000,57.5,115.4,11.4,0.000,0,,,,,,,,,,,,,
postgres,1,objectid,15800,39654,2908.2,3374.9,3576.6,23.1,0.000,3145728,2555904,57.7,108.8,12.1,0.000,61.3,143.7,12.7,0.000,0,,,,,,,,,,,,,
postgres,1,objectid,20000,36542,3206.6,3661.6,3808.7,19.7,0.000,3989504,2842624,56.2,96.1,11.2,0.000,56.3,93.5,10.7,0.000,0,,,,,,,,,,,,,
postgres,1,objectid,25100,40872,2876.1,3673.1,5765.0,19.0,0.000,5005312,3686400,57.0,93.9,11.5,0.000,56.1,85.6,10.6,0.000,0,,,,,,,,,,,,,
postgres,1,objectid,31600,47894,1559.4,1780.8,2431.8,17.6,0.000,6307840,5103616,58.7,107.3,12.5,0.000,57.6,105.0,11.5,0.000,0,,,,,,,,,,,,,
postgres,1,objectid,39800,47571,1591.3,2800.6,3599.2,17.9,0.000,7946240,5677056,57.6,97.5,12.2,0.000,56.7,90.8,11.1,0.000,0,,,,,,,,,,,,,
postgres,1,objectid,50100,43540,2328.2,2840.1,3473.1,19.3,0.000,10002432,7364608,57.9,92.6,12.4,0.000,56.9,100.4,11.3,0.000,0,,,,,,,,,,,,,
postgres,1,objectid,63100,43213,1614.3,2814.4,3083.1,17.0,0.000,12599296,10141696,57.7,92.7,12.3,0.000,58.5,113.1,12.1,0.000,0,,,,,,,,,,,,,
postgres,1,objectid,79400,44949,2330.9,2826.5,3418.3,21.5,0.000,15859712,11321344,58.2,96.2,12.7,0.000,63.2,131.5,13.1,0.000,0,,,,,,,,,,,,,
postgres,1,objectid,100000,42909,2338.8,2827.4,3357.3,21.0,0.000,19972096,14745600,57.5,92.2,12.1,0.000,58.0,109.7,11.9,0.000,0,,,,,,,,,,,,,
postgres,1,objectid,126000,42061,2343.8,2830.2,3321.5,21.1,0.000,25165824,20185088,57.8,99.3,12.7,0.000,57.7,97.8,12.2,0.000,0,,,,,,,,,,,,,
postgres,1,objectid,158000,42879,2327.6,2810.7,3477.8,21.1,0.000,31563776,22462464,57.8,97.1,12.4,0.000,57.4,99.5,12.1,0.000,0,,,,,,,,,,,,,
postgres,1,objectid,200000,44272,1549.8,2378.3,3061.8,17.9,0.000,39960576,29581312,58.0,96.1,12.7,0.000,57.4,93.8,12.0,0.000,0,,,,,,,,,,,,,
postgres,1,objectid,251000,42673,2337.1,2817.0,3161.8,20.6,0.000,50151424,40288256,62.1,122.0,13.4,0.000,59.8,103.1,12.8,0.000,0,,,,,,,,,,,,,
postgres,1,objectid,316000,41098,2344.9,2819.5,3340.4,22.1,0.000,63135744,44933120,58.3,97.7,12.8,0.000,58.4,106.5,12.8,0.000,0,,,,,,,,,,,,,
postgres,1,objectid,398000,41765,2331.3,2820.4,3670.6,22.5,0.000,79527936,59375616,58.9,97.6,13.2,0.098,57.9,91.8,12.3,0.013,0,,,,,,,,,,,,,
postgres,1,objectid,501000,41393,1551.2,2322.8,2859.5,19.0,0.000,100122624,80470016,65.3,108.8,16.9,0.515,58.3,96.8,13.0,0.061,0,,,,,,,,,,,,,
postgres,1,objectid,631000,40631,1552.0,2667.4,3272.1,19.5,0.000,126091264,90054656,69.1,126.2,19.9,0.882,59.2,97.9,13.2,0.077,0,,,,,,,,,,,,,
postgres,1,objectid,794000,39760,1502.4,1688.8,3214.3,22.4,0.000,158670848,118562816,73.6,119.7,22.8,1.277,62.4,115.9,16.0,0.303,0,,,,,,,,,,,,,
postgres,1,objectid,1000000,41025,1578.2,2785.4,3328.4,21.1,0.000,199835648,160768000,75.0,134.1,24.9,1.591,65.7,115.3,17.0,0.409,0,,,,,,,,,,,,,
postgres,1,objectid,1260000,41258,1510.2,1693.3,2191.4,19.1,0.000,251805696,180019200,75.0,128.8,24.8,1.630,65.4,106.8,16.7,0.495,0,,,,,,,,,,,,,
postgres,1,objectid,1580000,36357,1459.6,2264.4,2831.7,25.5,0.876,315768832,236167168,74.0,118.6,24.5,1.640,65.9,108.0,17.1,0.521,0,,,,,,,,,,,,,
postgres,1,objectid,2000000,33122,2345.5,2799.7,3267.0,29.4,1.123,399704064,321552384,74.8,143.0,25.8,1.704,70.0,131.4,20.1,0.655,0,,,,,,,,,,,,,
postgres,1,objectid,2510000,32739,2342.9,2800.2,3207.4,29.6,1.161,501637120,359579648,74.8,128.2,25.3,1.763,69.7,139.0,19.9,0.791,0,,,,,,,,,,,,,
postgres,1,objectid,3160000,31213,1539.6,2723.7,5428.7,31.1,1.311,631529472,475652096,76.6,125.8,26.8,1.810,71.0,117.0,21.1,0.926,0,,,,,,,,,,,,,
postgres,1,objectid,3980000,30221,3045.9,4756.3,24167.1,31.6,1.340,795418624,642031616,76.7,130.5,27.0,1.841,75.1,134.6,23.7,1.048,0,,,,,,,,,,,,,
postgres,1,objectid,5010000,27514,2896.3,3349.5,3743.6,29.6,1.339,1001283584,718422016,75.3,133.3,26.3,1.880,70.8,119.9,21.1,1.201,0,,,,,,,,,,,,,
postgres,1,objectid,6310000,24800,3420.4,5356.7,9005.3,34.6,1.677,1261101056,951189504,75.9,130.3,26.9,1.904,69.8,117.6,20.9,1.311,0,,,,,,,,,,,,,
postgres,1,objectid,7940000,21865,3810.9,4751.0,4801.6,32.6,1.689,1586872320,1283063808,75.7,120.2,26.8,1.947,72.7,128.1,29.4,1.411,0,,,,,,,,,,,,,
postgres,1,objectid,10000000,18199,3840.7,4401.9,8189.5,33.3,1.674,1998585856,1435992064,75.5,116.0,27.3,1.967,70.1,114.1,21.3,1.519,0,,,,,,,,,,,,,
postgres,1,typeid,1000,,3849.4,4332.7,5506.9,18.3,0.003,237568,196608,56.1,84.8,10.1,0.000,55.9,91.8,10.0,0.000,0,,,,,,,,,,,,,
postgres,1,typeid,1260,,3852.9,4453.6,9403.6,18.4,0.000,286720,229376,56.1,90.7,10.2,0.000,55.9,80.4,10.0,0.000,0,,,,,,,,,,,,,
postgres,1,typeid,1580,,3151.4,4285.4,4327.2,18.3,0.000,352256,278528,56.7,96.9,10.8,0.000,56.4,95.9,10.4,0.000,0,,,,,,,,,,,,,
postgres,1,typeid,2000,,2897.2,3311.8,3500.7,18.7,0.000,434176,352256,56.2,87.9,10.3,0.000,55.9,85.6,10.2,0.000,0,,,,,,,,,,,,,
postgres,1,typeid,2510,,3014.0,4025.6,4452.4,17.1,0.000,540672,401408,56.4,87.0,10.4,0.000,55.7,84.2,10.2,0.000,0,,,,,,,,,,,,,
postgres,1,typeid,3160,,3081.9,3531.3,3732.4,18.4,0.000,671744,516096,56.1,87.9,10.7,0.000,55.2,79.0,9.9,0.000,0,,,,,,,,,,,,,
postgres,1,typeid,3980,,3103.4,3535.5,3629.4,18.4,0.000,835584,663552,55.6,82.9,10.3,0.000,55.3,71.6,9.9,0.000,0,,,,,,,,,,,,,
postgres,1,typeid,5010,3766,3048.1,3489.4,3545.6,17.8,0.000,1040384,745472,56.9,97.4,11.3,0.000,56.0,86.9,10.3,0.000,0,,,,,,,,,,,,,
postgres,1,typeid,6310,30066,3015.8,4108.8,4490.3,19.5,0.000,1294336,966656,56.3,87.3,10.9,0.000,55.8,95.2,10.7,0.000,0,,,,,,,,,,,,,
postgres,1,typeid,7940,40315,3025.5,4317.7,5880.1,18.7,0.000,1630208,1245184,56.7,88.2,11.0,0.000,56.0,92.4,10.6,0.000,0,,,,,,,,,,,,,
postgres,1,typeid,10000,38942,2961.6,4215.5,4433.9,18.5,0.000,2039808,1417216,56.3,87.0,11.1,0.000,55.3,80.1,10.3,0.000,0,,,,,,,,,,,,,
postgres,1,typeid,12600,39211,3296.1,4313.8,5039.1,17.8,0.000,2572288,1867776,56.2,78.0,10.8,0.000,56.2,90.1,10.7,0.000,0,,,,,,,,,,,,,
postgres,1,typeid,15800,41323,3363.6,4300.3,4682.6,20.4,0.000,3227648,2555904,57.2,92.8,11.2,0.000,55.9,82.9,10.4,0.000,0,,,,,,,,,,,,,
postgres,1,typeid,20000,40876,3358.2,4277.3,4684.8,19.9,0.000,4087808,2842624,56.7,87.6,11.2,0.000,56.2,84.2,10.7,0.000,0,,,,,,,,,,,,,
postgres,1,typeid,25100,42211,3511.5,4731.5,4814.3,19.6,0.000,5136384,3686400,56.6,85.8,11.3,0.000,56.2,84.3,10.8,0.000,0,,,,,,,,,,,,,
postgres,1,typeid,31600,40078,3159.2,3841.1,4766.3,18.9,0.000,6463488,5103616,57.4,92.5,11.9,0.000,56.7,84.6,11.0,0.000,0,,,,,,,,,,,,,
postgres,1,typeid,39800,46308,2334.7,2845.5,6825.1,18.7,0.000,8142848,5677056,58.4,97.8,12.3,0.000,57.4,96.8,11.5,0.000,0,,,,,,,,,,,,,
postgres,1,typeid,50100,42914,2345.9,2805.4,3274.6,19.5,0.000,10256384,7364608,58.1,100.3,12.4,0.000,56.6,90.7,11.3,0.000,0,,,,,,,,,,,,,
postgres,1,typeid,63100,44250,1644.3,3004.0,3539.7,16.9,0.000,12918784,10141696,57.7,88.4,11.8,0.000,56.8,84.5,10.9,0.000,0,,,,,,,,,,,,,
postgres,1,typeid,79400,44769,1539.0,1680.1,1963.2,16.1,0.000,16252928,11321344,58.0,89.5,12.3,0.000,56.9,88.2,11.3,0.000,0,,,,,,,,,,,,,
postgres,1,typeid,100000,44837,1606.2,2810.8,3495.7,16.7,0.000,20471808,14745600,57.7,85.5,12.1,0.000,57.1,79.2,11.1,0.000,0,,,,,,,,,,,,,
postgres,1,typeid,126000,44754,2326.4,2813.0,3225.9,18.1,0.000,25796608,20185088,58.1,99.5,12.5,0.000,57.8,93.6,11.9,0.000,0,,,,,,,,,,,,,
postgres,1,typeid,158000,42291,2342.9,2819.1,3262.9,20.4,0.000,32350208,22462464,58.3,95.4,12.9,0.000,57.4,83.5,11.6,0.000,0,,,,,,,,,,,,,
postgres,1,typeid,200000,42085,1584.2,2773.1,2802.7,18.1,0.000,40960000,29581312,58.2,90.8,12.5,0.000,57.3,79.3,11.8,0.000,0,,,,,,,,,,,,,
postgres,1,typeid,251000,42060,2338.4,2815.2,3461.5,18.7,0.000,51404800,40288256,58.3,88.5,12.5,0.000,57.6,82.2,11.8,0.000,0,,,,,,,,,,,,,
postgres,1,typeid,316000,42802,1851.5,2964.4,3690.4,18.7,0.000,64716800,44933120,57.7,86.0,12.3,0.000,57.5,89.3,12.0,0.000,0,,,,,,,,,,,,,
postgres,1,typeid,398000,42603,1567.3,2571.5,3123.5,19.0,0.000,81518592,59375616,59.1,92.4,13.5,0.124,58.0,84.0,12.2,0.015,0,,,,,,,,,,,,,
postgres,1,typeid,501000,41925,1618.9,2833.6,3757.2,19.4,0.000,102621184,80470016,64.1,96.6,16.5,0.529,58.3,87.1,12.5,0.054,0,,,,,,,,,,,,,
postgres,1,typeid,631000,42475,1578.9,2360.4,2765.9,18.8,0.000,129245184,90054656,66.5,105.2,18.3,0.876,57.9,87.8,12.9,0.086,0,,,,,,,,,,,,,
postgres,1,typeid,794000,41513,2322.8,2810.9,3514.3,20.4,0.000,162635776,118562816,70.8,100.7,21.2,1.312,61.2,90.0,15.1,0.323,0,,,,,,,,,,,,,
postgres,1,typeid,1000000,40362,1530.3,2366.5,2777.9,17.3,0.000,204840960,160768000,74.5,110.9,24.3,1.621,63.2,96.3,16.4,0.412,0,,,,,,,,,,,,,
postgres,1,typeid,1260000,40917,1588.3,2764.4,2847.0,18.4,0.000,258097152,180019200,73.8,107.4,23.4,1.636,64.5,87.5,16.3,0.484,0,,,,,,,,,,,,,
postgres,1,typeid,1580000,37742,1444.6,1706.8,1842.2,20.8,0.574,323649536,236167168,74.4,117.0,25.0,1.631,65.9,101.4,17.2,0.548,0,,,,,,,,,,,,,
postgres,1,typeid,2000000,33076,2274.8,2811.0,4646.5,25.4,1.153,409690112,321552384,75.0,111.1,25.3,1.713,67.1,95.9,18.2,0.680,0,,,,,,,,,,,,,
postgres,1,typeid,2510000,33194,2343.8,2843.8,3435.3,26.5,1.175,514170880,359579648,74.7,117.3,25.5,1.765,68.2,97.4,19.2,0.802,0,,,,,,,,,,,,,
postgres,1,typeid,3160000,30168,2715.2,3296.0,8168.1,27.7,1.310,647323648,475652096,74.7,113.9,24.9,1.812,69.0,104.6,19.4,0.928,0,,,,,,,,,,,,,
postgres,1,typeid,3980000,27832,3816.7,4365.5,6710.2,30.7,1.340,815308800,642031616,73.8,118.1,24.4,1.852,70.0,117.9,20.5,1.046,0,,,,,,,,,,,,,
postgres,1,typeid,5010000,28831,3335.4,8677.3,12850.4,30.5,1.339,1026310144,718422016,76.5,129.6,26.9,1.878,70.7,100.0,21.0,1.161,0,,,,,,,,,,,,,
postgres,1,typeid,6310000,24991,3299.0,8176.4,11379.6,33.3,1.677,1292615680,951189504,77.5,124.7,27.8,1.917,73.4,122.9,23.9,1.309,0,,,,,,,,,,,,,
postgres,1,typeid,7940000,21366,4294.3,4766.5,6159.7,33.8,1.689,1626537984,1283063808,75.4,112.9,26.9,1.939,69.3,104.5,20.7,1.410,0,,,,,,,,,,,,,
postgres,1,typeid,10000000,18468,4361.0,4855.2,5363.3,34.5,1.674,2048548864,1435992064,75.9,112.2,26.8,1.961,69.4,105.7,20.5,1.509,0,,,,,,,,,,,,,
postgres,1,nanoid,1000,,3287.8,4309.5,4799.8,17.3,0.003,229376,204800,56.1,91.5,10.0,0.000,55.8,95.8,10.1,0.000,0,,,,,,,,,,,,,
postgres,1,nanoid,1260,,2733.0,7814.5,8273.3,20.2,0.000,278528,237568,56.6,101.6,10.5,0.000,56.2,92.0,10.2,0.000,0,,,,,,,,,,,,,
postgres,1,nanoid,1580,,3519.4,4299.5,4341.1,21.7,0.000,335872,270336,56.7,276.5,10.4,0.000,56.1,88.6,10.2,0.000,0,,,,,,,,,,,,,
postgres,1,nanoid,2000,,3816.6,4339.0,8164.6,22.0,0.000,417792,360448,55.9,88.3,10.3,0.000,56.6,98.3,10.6,0.000,0,,,,,,,,,,,,,
postgres,1,nanoid,2510,,3847.6,4316.8,4535.5,21.1,0.000,516096,401408,56.4,89.9,10.6,0.000,55.4,83.9,10.2,0.000,0,,,,,,,,,,,,,
postgres,1,nanoid,3160,,3858.2,4327.3,4887.1,21.0,0.000,638976,524288,56.0,86.3,10.5,0.000,56.1,88.3,10.4,0.000,0,,,,,,,,,,,,,
postgres,1,nanoid,3980,,3154.2,4311.5,4344.0,19.9,0.000,794624,688128,55.7,88.1,10.2,0.000,55.7,89.9,10.1,0.000,0,,,,,,,,,,,,,
postgres,1,nanoid,5010,4526,3040.6,4209.6,4389.2,18.2,0.000,991232,770048,55.9,85.9,10.4,0.000,55.9,91.5,10.4,0.000,0,,,,,,,,,,,,,
postgres,1,nanoid,6310,27445,3402.9,4739.5,5148.1,20.4,0.000,1236992,983040,56.1,90.1,10.9,0.000,56.1,94.2,10.9,0.000,0,,,,,,,,,,,,,
postgres,1,nanoid,7940,36923,3351.9,4713.4,4773.4,21.4,0.000,1548288,1294336,56.3,98.5,11.1,0.000,56.0,88.0,10.7,0.000,0,,,,,,,,,,,,,
postgres,1,nanoid,10000,35321,3250.0,4432.9,5777.6,21.2,0.000,1941504,1458176,56.6,90.1,11.1,0.000,56.7,94.3,10.7,0.000,0,,,,,,,,,,,,,
postgres,1,nanoid,12600,43187,3237.5,4266.0,4665.9,21.7,0.000,2441216,1851392,56.6,95.0,10.9,0.000,56.1,91.5,10.6,0.000,0,,,,,,,,,,,,,
postgres,1,nanoid,15800,25224,2935.5,3388.4,3697.0,22.2,0.000,3055616,2629632,57.5,102.9,11.8,0.000,56.8,94.2,11.4,0.000,0,,,,,,,,,,,,,
postgres,1,nanoid,20000,40752,2936.0,3395.0,3837.2,21.4,0.000,3858432,2899968,57.2,94.9,11.5,0.000,57.9,98.8,11.2,0.000,0,,,,,,,,,,,,,
postgres,1,nanoid,25100,41546,2961.8,3434.6,3769.8,22.1,0.000,4825088,3727360,56.5,79.1,10.8,0.000,57.4,93.4,11.6,0.000,0,,,,,,,,,,,,,
postgres,1,nanoid,31600,40411,2971.1,4067.7,4673.5,20.9,0.000,6062080,5218304,57.4,95.6,11.7,0.000,56.8,86.6,11.1,0.000,0,,,,,,,,,,,,,
postgres,1,nanoid,39800,42314,3781.4,4792.8,5102.5,22.0,0.000,7626752,5808128,56.8,83.0,11.3,0.000,57.0,84.9,11.1,0.000,0,,,,,,,,,,,,,
postgres,1,nanoid,50100,34513,3548.4,4777.6,4902.2,21.8,0.000,9592832,7479296,57.2,85.9,11.5,0.000,56.9,87.3,11.2,0.000,0,,,,,,,,,,,,,
postgres,1,nanoid,63100,40963,2349.8,2845.7,6888.1,24.1,0.000,12099584,10354688,58.2,103.0,12.5,0.000,58.0,95.5,12.2,0.000,0,,,,,,,,,,,,,
postgres,1,nanoid,79400,37757,2353.9,2830.1,3188.1,22.1,0.000,15245312,11567104,57.8,95.7,12.2,0.000,57.7,93.3,12.1,0.000,0,,,,,,,,,,,,,
postgres,1,nanoid,100000,41680,2333.0,2825.2,3299.8,20.8,0.000,19210240,15007744,58.1,96.2,12.1,0.000,57.8,95.7,12.3,0.000,0,,,,,,,,,,,,,
postgres,1,nanoid,126000,39089,1503.3,1706.1,1777.3,21.6,0.000,24281088,20635648,58.4,94.5,12.2,0.000,59.1,98.4,12.8,0.000,0,,,,,,,,,,,,,
postgres,1,nanoid,158000,39148,1649.8,2815.6,3128.7,22.4,0.000,30523392,22986752,57.9,90.1,12.3,0.000,59.1,96.2,12.6,0.000,0,,,,,,,,,,,,,
postgres,1,nanoid,200000,37004,2353.1,2826.7,3170.2,23.4,0.000,38723584,30097408,58.2,99.2,12.7,0.000,58.3,99.6,12.8,0.000,0,,,,,,,,,,,,,
postgres,1,nanoid,251000,38908,2350.5,2809.8,3562.8,23.1,0.000,48676864,41082880,59.5,116.2,13.1,0.000,57.9,88.5,12.3,0.000,0,,,,,,,,,,,,,
postgres,1,nanoid,316000,38095,1654.4,2784.2,3041.1,23.1,0.000,61349888,45850624,58.3,93.3,12.4,0.000,58.0,85.6,12.1,0.000,0,,,,,,,,,,,,,
postgres,1,nanoid,398000,39001,2318.0,2813.4,3253.4,24.0,0.000,77357056,60358656,59.4,97.8,13.1,0.056,58.8,97.3,12.8,0.006,0,,,,,,,,,,,,,
postgres,1,nanoid,501000,38645,1592.1,2822.8,3577.9,22.5,0.000,97443840,82264064,66.2,106.3,16.9,0.475,58.1,81.3,12.7,0.056,0,,,,,,,,,,,,,
postgres,1,nanoid,631000,38841,1542.2,1702.6,1809.7,25.2,0.000,122806272,91938816,64.9,98.6,16.6,0.660,60.2,96.8,13.5,0.079,0,,,,,,,,,,,,,
postgres,1,nanoid,794000,38451,1569.3,2150.6,2756.3,22.9,0.011,154607616,120725504,69.1,108.6,19.7,0.968,64.5,102.6,16.0,0.404,0,,,,,,,,,,,,,
postgres,1,nanoid,1000000,33459,1521.7,1692.2,1901.1,28.5,1.082,194797568,164241408,69.8,100.3,20.6,1.094,66.4,110.8,16.9,0.420,0,,,,,,,,,,,,,
postgres,1,nanoid,1260000,31131,1516.8,1689.8,1840.6,31.3,1.432,246759424,183853056,72.9,103.6,22.4,1.236,67.9,99.4,17.9,0.625,0,,,,,,,,,,,,,
postgres,1,nanoid,1580000,28835,1602.4,2782.9,2880.3,35.9,1.908,310714368,240459776,74.0,119.9,23.8,1.365,68.2,110.0,19.3,0.815,0,,,,,,,,,,,,,
postgres,1,nanoid,2000000,27066,1468.2,1688.6,3113.5,37.0,2.089,394649600,328179712,74.7,117.6,24.3,1.485,71.9,115.5,21.1,0.988,0,,,,,,,,,,,,,
postgres,1,nanoid,2510000,25391,2350.0,2813.2,3463.6,43.5,2.659,496582656,367116288,75.3,123.6,25.4,1.588,71.7,113.4,20.7,1.162,0,,,,,,,,,,,,,
postgres,1,nanoid,3160000,24860,2317.6,2797.9,3068.3,43.9,2.759,626491392,484540416,74.8,109.5,25.1,1.675,73.6,113.0,22.8,1.289,0,,,,,,,,,,,,,
postgres,1,nanoid,3980000,23867,1427.4,1683.6,1750.3,39.4,2.777,790380544,654917632,73.0,108.7,23.5,1.732,73.2,123.6,22.8,1.446,0,,,,,,,,,,,,,
postgres,1,nanoid,5010000,22365,2352.3,2810.3,3469.3,47.7,2.838,996237312,733274112,75.0,111.3,25.5,1.785,73.4,114.5,22.7,1.538,0,,,,,,,,,,,,,
postgres,1,nanoid,6310000,19158,1663.8,2795.6,3154.2,49.8,2.868,1256054784,969768960,76.7,125.6,26.5,1.833,76.1,132.1,24.4,1.639,0,,,,,,,,,,,,,
postgres,1,nanoid,7940000,16014,4122.8,6356.3,9697.2,44.3,2.894,1581826048,1309065216,75.7,111.9,26.3,1.869,71.4,102.2,21.7,1.711,0,,,,,,,,,,,,,
postgres,1,nanoid,10000000,12150,3898.7,4854.5,5269.4,49.4,2.933,1993539584,1465794560,75.7,118.4,26.5,1.888,71.2,110.1,21.5,1.758,0,,,,,,,,,,,,,
postgres,1,cuid2,1000,,3540.9,4816.4,4861.2,19.2,0.003,229376,212992,58.5,285.9,10.4,0.000,56.0,95.2,9.9,0.000,0,,,,,,,,,,,,,
postgres,1,cuid2,1260,,3880.2,4435.1,4904.6,16.9,0.000,278528,237568,55.8,75.6,10.0,0.000,55.9,86.5,10.1,0.000,0,,,,,,,,,,,,,
postgres,1,cuid2,1580,,3884.8,4390.5,4832.5,20.3,0.000,335872,303104,56.4,88.7,10.2,0.000,56.4,94.3,10.3,0.000,0,,,,,,,,,,,,,
postgres,1,cuid2,2000,,3879.9,4392.0,4903.4,21.7,0.000,417792,393216,57.0,94.2,10.7,0.000,57.0,90.7,10.4,0.000,0,,,,,,,,,,,,,
postgres,1,cuid2,2510,,3865.7,4368.5,4798.7,24.0,0.000,524288,425984,57.4,97.8,11.2,0.000,56.3,89.5,10.5,0.000,0,,,,,,,,,,,,,
postgres,1,cuid2,3160,,3232.4,4336.4,4443.0,21.3,0.000,647168,581632,56.5,94.3,10.7,0.000,56.3,92.5,10.7,0.000,0,,,,,,,,,,,,,
postgres,1,cuid2,3980,,3878.5,4371.5,4734.2,21.3,0.000,811008,729088,56.1,89.5,10.5,0.000,56.5,94.6,10.7,0.000,0,,,,,,,,,,,,,
postgres,1,cuid2,5010,4026,3857.4,4359.2,5039.5,19.5,0.000,1007616,794624,56.4,97.2,10.4,0.000,57.6,100.1,11.6,0.000,0,,,,,,,,,,,,,
postgres,1,cuid2,6310,31789,3516.1,4686.9,4977.4,21.0,0.000,1261568,1073152,55.9,86.8,10.4,0.000,55.8,82.5,10.2,0.000,0,,,,,,,,,,,,,
postgres,1,cuid2,7940,39400,3172.5,4198.7,4816.1,19.0,0.000,1581056,1368064,59.3,105.6,11.4,0.000,57.3,100.6,11.4,0.000,0,,,,,,,,,,,,,
postgres,1,cuid2,10000,39425,3614.1,4635.3,4949.3,21.1,0.000,1982464,1531904,56.1,85.9,10.7,0.000,55.8,91.8,10.6,0.000,0,,,,,,,,,,,,,
postgres,1,cuid2,12600,41740,3858.0,4383.1,5312.1,20.5,0.000,2498560,2056192,56.7,92.9,11.1,0.000,55.9,88.0,10.5,0.000,0,,,,,,,,,,,,,
postgres,1,cuid2,15800,41301,3760.0,4367.3,4943.2,20.5,0.000,3137536,2793472,56.5,88.6,11.0,0.000,55.6,75.6,10.4,0.000,0,,,,,,,,,,,,,
postgres,1,cuid2,20000,41027,3815.3,4326.7,4721.0,19.5,0.000,3989504,3088384,56.3,80.7,10.9,0.000,56.3,79.1,10.8,0.000,0,,,,,,,,,,,,,
postgres,1,cuid2,25100,40305,3770.5,4339.5,5768.8,19.0,0.000,5005312,4079616,56.8,89.0,11.0,0.000,56.8,94.8,10.9,0.000,0,,,,,,,,,,,,,
postgres,1,cuid2,31600,40123,3831.1,4309.5,4686.9,20.9,0.000,6307840,5611520,56.9,86.1,11.2,0.000,56.5,81.4,11.0,0.000,0,,,,,,,,,,,,,
postgres,1,cuid2,39800,41454,3581.8,4301.1,4734.1,23.6,0.000,7946240,6201344,58.0,95.1,11.9,0.000,57.8,101.5,11.7,0.000,0,,,,,,,,,,,,,
postgres,1,cuid2,50100,37912,4216.6,4789.2,5200.2,25.5,0.000,10002432,8192000,57.8,81.3,11.8,0.000,57.2,87.8,11.5,0.000,0,,,,,,,,,,,,,
postgres,1,cuid2,63100,39358,1679.0,3691.5,5962.6,22.1,0.000,12599296,11141120,59.1,106.9,12.5,0.000,57.3,98.1,11.6,0.000,0,,,,,,,,,,,,,
postgres,1,cuid2,79400,43167,1565.8,1709.4,2823.0,20.4,0.000,15859712,12288000,57.5,84.0,11.7,0.000,57.3,84.8,11.7,0.000,0,,,,,,,,,,,,,
postgres,1,cuid2,100000,42140,1642.6,2815.6,3050.2,21.4,0.000,19972096,16228352,57.4,87.0,11.9,0.000,57.3,93.1,11.8,0.000,0,,,,,,,,,,,,,
postgres,1,cuid2,126000,41113,2349.2,2864.7,5223.5,21.9,0.000,25165824,22208512,57.8,88.8,12.0,0.000,58.0,95.0,12.3,0.000,0,,,,,,,,,,,,,
postgres,1,cuid2,158000,41092,2330.1,2844.3,3509.0,21.7,0.000,31563776,24657920,57.8,93.9,12.3,0.000,57.9,89.7,12.0,0.000,0,,,,,,,,,,,,,
postgres,1,cuid2,200000,40149,2361.1,2838.0,3123.3,23.0,0.000,39960576,32497664,58.5,100.2,12.7,0.000,58.0,95.3,12.2,0.000,0,,,,,,,,,,,,,
postgres,1,cuid2,251000,39156,2363.7,2842.1,5771.9,22.9,0.000,50151424,44392448,58.7,92.8,12.2,0.000,58.4,95.9,12.4,0.000,0,,,,,,,,,,,,,
postgres,1,cuid2,316000,40381,1561.2,1688.8,1780.8,21.1,0.000,63135744,49340416,58.5,94.1,12.4,0.000,58.7,99.9,12.3,0.000,0,,,,,,,,,,,,,
postgres,1,cuid2,398000,39672,1643.2,2830.8,4255.2,23.7,0.000,79527936,65216512,59.8,94.9,13.5,0.147,61.6,98.8,13.4,0.016,0,,,,,,,,,,,,,
postgres,1,cuid2,501000,36954,2364.8,2857.3,3766.3,25.0,0.000,100122624,88530944,67.3,108.0,17.6,0.554,60.4,103.0,13.5,0.063,0,,,,,,,,,,,,,
postgres,1,cuid2,631000,37154,2359.1,2838.4,3365.8,23.8,0.000,126091264,99155968,66.0,106.2,17.9,0.728,59.5,89.7,13.0,0.093,0,,,,,,,,,,,,,
postgres,1,cuid2,794000,36945,1622.0,2835.8,3565.0,23.1,0.060,158670848,130220032,69.1,107.5,20.1,1.110,65.0,99.7,16.7,0.536,0,,,,,,,,,,,,,
postgres,1,cuid2,1000000,31700,2360.8,2836.6,4799.9,30.2,1.377,199835648,176291840,72.9,112.2,22.7,1.199,66.1,97.2,17.1,0.526,0,,,,,,,,,,,,,
postgres,1,cuid2,1260000,30900,1642.2,2830.5,3506.3,32.6,1.553,251805696,198180864,72.9,114.3,22.8,1.322,68.1,107.9,18.2,0.702,0,,,,,,,,,,,,,
postgres,1,cuid2,1580000,28583,1650.9,5367.6,6346.1,35.0,2.005,315760640,259301376,73.3,103.2,23.1,1.450,68.5,100.2,19.6,0.874,0,,,,,,,,,,,,,
postgres,1,cuid2,2000000,26529,2291.8,2805.6,5170.0,39.7,2.185,399704064,352468992,72.7,114.4,23.3,1.563,75.0,131.1,23.3,1.038,0,,,,,,,,,,,,,
postgres,1,cuid2,2510000,25312,1554.5,1708.3,2095.0,41.5,2.707,501637120,395755520,74.3,111.6,24.7,1.653,72.1,108.5,21.8,1.223,0,,,,,,,,,,,,,
postgres,1,cuid2,3160000,25025,1630.1,2845.6,3521.5,44.3,2.794,631529472,522649600,74.9,109.5,25.6,1.723,71.8,103.0,22.0,1.354,0,,,,,,,,,,,,,
postgres,1,cuid2,3980000,23265,1615.8,2790.9,3326.6,42.8,2.831,795418624,702922752,74.0,105.2,25.0,1.777,73.4,115.2,22.9,1.471,0,,,,,,,,,,,,,
postgres,1,cuid2,5010000,21263,1865.4,4664.9,7200.5,45.2,2.838,1001283584,791724032,75.9,122.2,26.5,1.824,73.4,115.0,22.9,1.573,0,,,,,,,,,,,,,
postgres,1,cuid2,6310000,17508,3865.7,9886.0,11601.4,50.5,2.911,1261101056,1044848640,76.6,128.3,27.4,1.856,74.8,122.5,23.8,1.665,0,,,,,,,,,,,,,
postgres,1,cuid2,7940000,12947,3202.4,4028.7,6110.9,48.4,2.918,1586872320,1403379712,75.2,107.7,26.0,1.886,72.2,102.2,22.5,1.715,0,,,,,,,,,,,,,
postgres,1,cuid2,10000000,12091,3744.8,4987.3,5193.1,49.2,2.928,1998585856,1583292416,75.1,107.3,26.1,1.910,71.2,104.0,21.6,1.778,0,,,,,,,,,,,,,
